{"data":{"argCount":0},"hypothesisId":"Z_main_entry","location":"PracticalTrainingApplication:main","sessionId":"377d1b","runId":"run_main_pre","message":"main_entered","timestamp":1774866384792}
{"data":{"argCount":0},"hypothesisId":"Z_main_entry","location":"PracticalTrainingApplication:main","sessionId":"377d1b","runId":"run_main_pre","message":"main_entered","timestamp":1774866385052}
{"data":{"activeProfiles":"","contextId":"Practical_training","datasourceUrl":"jdbc:mysql://localhost:3306/game?useSSL=false&allowPublicKeyRetrieval=true&serverTimezone=UTC&characterEncoding=utf8"},"hypothesisId":"H1_started_event","location":"StartupLifecycleLogger:onStarted","sessionId":"377d1b","runId":"run_startup","message":"application_started_event","timestamp":1774866387178}
{"data":{"flywayEnabled":"true","serverPort":"8080"},"hypothesisId":"E_other_startup","location":"StartupInstrumentationListener:onApplicationReady","sessionId":"377d1b","runId":"pre-debug","message":"application_ready","timestamp":1774866387182}
{"data":{"contextId":"Practical_training"},"hypothesisId":"H2_ready_event","location":"StartupLifecycleLogger:onReady","sessionId":"377d1b","runId":"run_startup","message":"application_ready_event","timestamp":1774866387182}
{"data":{"exceptionType":"org.springframework.boot.devtools.restart.SilentExitExceptionHandler$SilentExitException","rootCauseChain":"org.springframework.boot.devtools.restart.SilentExitExceptionHandler$SilentExitException:","exceptionMessage":"org.springframework.boot.devtools.restart.SilentExitExceptionHandler$SilentExitException"},"hypothesisId":"E_other_startup_main_caught","location":"PracticalTrainingApplication:main","sessionId":"377d1b","runId":"run_main_caught","message":"main_caught_exception","timestamp":1774866387184}
{"data":{"contextId":"Practical_training"},"hypothesisId":"H3_context_closed","location":"StartupLifecycleLogger:onClosed","sessionId":"377d1b","runId":"run_startup","message":"context_closed_event","timestamp":1774866448707}
{"data":{"argCount":0},"hypothesisId":"Z_main_entry","location":"PracticalTrainingApplication:main","sessionId":"377d1b","runId":"run_main_pre","message":"main_entered","timestamp":1774866522127}
{"data":{"argCount":0},"hypothesisId":"Z_main_entry","location":"PracticalTrainingApplication:main","sessionId":"377d1b","runId":"run_main_pre","message":"main_entered","timestamp":1774866522316}
{"data":{"activeProfiles":"","contextId":"Practical_training","datasourceUrl":"jdbc:mysql://localhost:3306/game?useSSL=false&allowPublicKeyRetrieval=true&serverTimezone=UTC&characterEncoding=utf8"},"hypothesisId":"H1_started_event","location":"StartupLifecycleLogger:onStarted","sessionId":"377d1b","runId":"run_startup","message":"application_started_event","timestamp":1774866524284}
{"data":{"flywayEnabled":"true","serverPort":"8080"},"hypothesisId":"E_other_startup","location":"StartupInstrumentationListener:onApplicationReady","sessionId":"377d1b","runId":"pre-debug","message":"application_ready","timestamp":1774866524286}
{"data":{"contextId":"Practical_training"},"hypothesisId":"H2_ready_event","location":"StartupLifecycleLogger:onReady","sessionId":"377d1b","runId":"run_startup","message":"application_ready_event","timestamp":1774866524286}
{"data":{"exceptionType":"org.springframework.boot.devtools.restart.SilentExitExceptionHandler$SilentExitException","rootCauseChain":"org.springframework.boot.devtools.restart.SilentExitExceptionHandler$SilentExitException:","exceptionMessage":"org.springframework.boot.devtools.restart.SilentExitExceptionHandler$SilentExitException"},"hypothesisId":"E_other_startup_main_caught","location":"PracticalTrainingApplication:main","sessionId":"377d1b","runId":"run_main_caught","message":"main_caught_exception","timestamp":1774866524289}
{"data":{"contextId":"Practical_training"},"hypothesisId":"H3_context_closed","location":"StartupLifecycleLogger:onClosed","sessionId":"377d1b","runId":"run_startup","message":"context_closed_event","timestamp":1774866582235}
{"data":{"argCount":0},"hypothesisId":"Z_main_entry","location":"PracticalTrainingApplication:main","sessionId":"377d1b","runId":"run_main_pre","message":"main_entered","timestamp":1774866584580}
{"data":{"argCount":0},"hypothesisId":"Z_main_entry","location":"PracticalTrainingApplication:main","sessionId":"377d1b","runId":"run_main_pre","message":"main_entered","timestamp":1774866584876}
{"data":{"activeProfiles":"","contextId":"Practical_training","datasourceUrl":"jdbc:mysql://localhost:3306/game?useSSL=false&allowPublicKeyRetrieval=true&serverTimezone=UTC&characterEncoding=utf8"},"hypothesisId":"H1_started_event","location":"StartupLifecycleLogger:onStarted","sessionId":"377d1b","runId":"run_startup","message":"application_started_event","timestamp":1774866587089}
{"data":{"flywayEnabled":"true","serverPort":"8080"},"hypothesisId":"E_other_startup","location":"StartupInstrumentationListener:onApplicationReady","sessionId":"377d1b","runId":"pre-debug","message":"application_ready","timestamp":1774866587092}
{"data":{"contextId":"Practical_training"},"hypothesisId":"H2_ready_event","location":"StartupLifecycleLogger:onReady","sessionId":"377d1b","runId":"run_startup","message":"application_ready_event","timestamp":1774866587093}
{"data":{"exceptionType":"org.springframework.boot.devtools.restart.SilentExitExceptionHandler$SilentExitException","rootCauseChain":"org.springframework.boot.devtools.restart.SilentExitExceptionHandler$SilentExitException:","exceptionMessage":"org.springframework.boot.devtools.restart.SilentExitExceptionHandler$SilentExitException"},"hypothesisId":"E_other_startup_main_caught","location":"PracticalTrainingApplication:main","sessionId":"377d1b","runId":"run_main_caught","message":"main_caught_exception","timestamp":1774866587095}
{"data":{"contextId":"Practical_training"},"hypothesisId":"H3_context_closed","location":"StartupLifecycleLogger:onClosed","sessionId":"377d1b","runId":"run_startup","message":"context_closed_event","timestamp":1774866755428}
{"data":{"argCount":0},"hypothesisId":"Z_main_entry","location":"PracticalTrainingApplication:main","sessionId":"377d1b","runId":"run_main_pre","message":"main_entered","timestamp":1774866757935}
{"data":{"argCount":0},"hypothesisId":"Z_main_entry","location":"PracticalTrainingApplication:main","sessionId":"377d1b","runId":"run_main_pre","message":"main_entered","timestamp":1774866758158}
{"data":{"activeProfiles":"","contextId":"Practical_training","datasourceUrl":"jdbc:mysql://localhost:3306/game?useSSL=false&allowPublicKeyRetrieval=true&serverTimezone=UTC&characterEncoding=utf8"},"hypothesisId":"H1_started_event","location":"StartupLifecycleLogger:onStarted","sessionId":"377d1b","runId":"run_startup","message":"application_started_event","timestamp":1774866760168}
{"data":{"flywayEnabled":"true","serverPort":"8080"},"hypothesisId":"E_other_startup","location":"StartupInstrumentationListener:onApplicationReady","sessionId":"377d1b","runId":"pre-debug","message":"application_ready","timestamp":1774866760171}
{"data":{"contextId":"Practical_training"},"hypothesisId":"H2_ready_event","location":"StartupLifecycleLogger:onReady","sessionId":"377d1b","runId":"run_startup","message":"application_ready_event","timestamp":1774866760172}
{"data":{"exceptionType":"org.springframework.boot.devtools.restart.SilentExitExceptionHandler$SilentExitException","rootCauseChain":"org.springframework.boot.devtools.restart.SilentExitExceptionHandler$SilentExitException:","exceptionMessage":"org.springframework.boot.devtools.restart.SilentExitExceptionHandler$SilentExitException"},"hypothesisId":"E_other_startup_main_caught","location":"PracticalTrainingApplication:main","sessionId":"377d1b","runId":"run_main_caught","message":"main_caught_exception","timestamp":1774866760173}
{"data":{"contextId":"Practical_training"},"hypothesisId":"H3_context_closed","location":"StartupLifecycleLogger:onClosed","sessionId":"377d1b","runId":"run_startup","message":"context_closed_event","timestamp":1774866872872}
{"data":{"argCount":0},"hypothesisId":"Z_main_entry","location":"PracticalTrainingApplication:main","sessionId":"377d1b","runId":"run_main_pre","message":"main_entered","timestamp":1774866875594}
{"data":{"argCount":0},"hypothesisId":"Z_main_entry","location":"PracticalTrainingApplication:main","sessionId":"377d1b","runId":"run_main_pre","message":"main_entered","timestamp":1774866875877}
{"data":{"activeProfiles":"","contextId":"Practical_training","datasourceUrl":"jdbc:mysql://localhost:3306/game?useSSL=false&allowPublicKeyRetrieval=true&serverTimezone=UTC&characterEncoding=utf8"},"hypothesisId":"H1_started_event","location":"StartupLifecycleLogger:onStarted","sessionId":"377d1b","runId":"run_startup","message":"application_started_event","timestamp":1774866877852}
{"data":{"flywayEnabled":"true","serverPort":"8080"},"hypothesisId":"E_other_startup","location":"StartupInstrumentationListener:onApplicationReady","sessionId":"377d1b","runId":"pre-debug","message":"application_ready","timestamp":1774866877855}
{"data":{"contextId":"Practical_training"},"hypothesisId":"H2_ready_event","location":"StartupLifecycleLogger:onReady","sessionId":"377d1b","runId":"run_startup","message":"application_ready_event","timestamp":1774866877855}
{"data":{"exceptionType":"org.springframework.boot.devtools.restart.SilentExitExceptionHandler$SilentExitException","rootCauseChain":"org.springframework.boot.devtools.restart.SilentExitExceptionHandler$SilentExitException:","exceptionMessage":"org.springframework.boot.devtools.restart.SilentExitExceptionHandler$SilentExitException"},"hypothesisId":"E_other_startup_main_caught","location":"PracticalTrainingApplication:main","sessionId":"377d1b","runId":"run_main_caught","message":"main_caught_exception","timestamp":1774866877857}
{"data":{"contextId":"Practical_training"},"hypothesisId":"H3_context_closed","location":"StartupLifecycleLogger:onClosed","sessionId":"377d1b","runId":"run_startup","message":"context_closed_event","timestamp":1774867027330}
{"data":{"argCount":0},"hypothesisId":"Z_main_entry","location":"PracticalTrainingApplication:main","sessionId":"377d1b","runId":"run_main_pre","message":"main_entered","timestamp":1774867029779}
{"data":{"argCount":0},"hypothesisId":"Z_main_entry","location":"PracticalTrainingApplication:main","sessionId":"377d1b","runId":"run_main_pre","message":"main_entered","timestamp":1774867030031}
{"data":{"activeProfiles":"","contextId":"Practical_training","datasourceUrl":"jdbc:mysql://localhost:3306/game?useSSL=false&allowPublicKeyRetrieval=true&serverTimezone=UTC&characterEncoding=utf8"},"hypothesisId":"H1_started_event","location":"StartupLifecycleLogger:onStarted","sessionId":"377d1b","runId":"run_startup","message":"application_started_event","timestamp":1774867032149}
{"data":{"flywayEnabled":"true","serverPort":"8080"},"hypothesisId":"E_other_startup","location":"StartupInstrumentationListener:onApplicationReady","sessionId":"377d1b","runId":"pre-debug","message":"application_ready","timestamp":1774867032152}
{"data":{"contextId":"Practical_training"},"hypothesisId":"H2_ready_event","location":"StartupLifecycleLogger:onReady","sessionId":"377d1b","runId":"run_startup","message":"application_ready_event","timestamp":1774867032152}
{"data":{"exceptionType":"org.springframework.boot.devtools.restart.SilentExitExceptionHandler$SilentExitException","rootCauseChain":"org.springframework.boot.devtools.restart.SilentExitExceptionHandler$SilentExitException:","exceptionMessage":"org.springframework.boot.devtools.restart.SilentExitExceptionHandler$SilentExitException"},"hypothesisId":"E_other_startup_main_caught","location":"PracticalTrainingApplication:main","sessionId":"377d1b","runId":"run_main_caught","message":"main_caught_exception","timestamp":1774867032154}
{"data":{"contextId":"Practical_training"},"hypothesisId":"H3_context_closed","location":"StartupLifecycleLogger:onClosed","sessionId":"377d1b","runId":"run_startup","message":"context_closed_event","timestamp":1774867169976}
{"data":{"argCount":0},"hypothesisId":"Z_main_entry","location":"PracticalTrainingApplication:main","sessionId":"377d1b","runId":"run_main_pre","message":"main_entered","timestamp":1774867211343}
{"data":{"argCount":0},"hypothesisId":"Z_main_entry","location":"PracticalTrainingApplication:main","sessionId":"377d1b","runId":"run_main_pre","message":"main_entered","timestamp":1774867211527}
{"data":{"activeProfiles":"","contextId":"Practical_training","datasourceUrl":"jdbc:mysql://localhost:3306/game?useSSL=false&allowPublicKeyRetrieval=true&serverTimezone=UTC&characterEncoding=utf8"},"hypothesisId":"H1_started_event","location":"StartupLifecycleLogger:onStarted","sessionId":"377d1b","runId":"run_startup","message":"application_started_event","timestamp":1774867213502}
{"data":{"flywayEnabled":"true","serverPort":"8080"},"hypothesisId":"E_other_startup","location":"StartupInstrumentationListener:onApplicationReady","sessionId":"377d1b","runId":"pre-debug","message":"application_ready","timestamp":1774867213504}
{"data":{"contextId":"Practical_training"},"hypothesisId":"H2_ready_event","location":"StartupLifecycleLogger:onReady","sessionId":"377d1b","runId":"run_startup","message":"application_ready_event","timestamp":1774867213504}
{"data":{"exceptionType":"org.springframework.boot.devtools.restart.SilentExitExceptionHandler$SilentExitException","rootCauseChain":"org.springframework.boot.devtools.restart.SilentExitExceptionHandler$SilentExitException:","exceptionMessage":"org.springframework.boot.devtools.restart.SilentExitExceptionHandler$SilentExitException"},"hypothesisId":"E_other_startup_main_caught","location":"PracticalTrainingApplication:main","sessionId":"377d1b","runId":"run_main_caught","message":"main_caught_exception","timestamp":1774867213506}
{"data":{"contextId":"Practical_training"},"hypothesisId":"H3_context_closed","location":"StartupLifecycleLogger:onClosed","sessionId":"377d1b","runId":"run_startup","message":"context_closed_event","timestamp":1774867553385}
{"data":{"argCount":0},"hypothesisId":"Z_main_entry","location":"PracticalTrainingApplication:main","sessionId":"377d1b","runId":"run_main_pre","message":"main_entered","timestamp":1774867557012}
{"data":{"argCount":0},"hypothesisId":"Z_main_entry","location":"PracticalTrainingApplication:main","sessionId":"377d1b","runId":"run_main_pre","message":"main_entered","timestamp":1774867557343}
{"data":{"activeProfiles":"","contextId":"Practical_training","datasourceUrl":"jdbc:mysql://localhost:3306/game?useSSL=false&allowPublicKeyRetrieval=true&serverTimezone=UTC&characterEncoding=utf8"},"hypothesisId":"H1_started_event","location":"StartupLifecycleLogger:onStarted","sessionId":"377d1b","runId":"run_startup","message":"application_started_event","timestamp":1774867560564}
{"data":{"flywayEnabled":"true","serverPort":"8080"},"hypothesisId":"E_other_startup","location":"StartupInstrumentationListener:onApplicationReady","sessionId":"377d1b","runId":"pre-debug","message":"application_ready","timestamp":1774867560569}
{"data":{"contextId":"Practical_training"},"hypothesisId":"H2_ready_event","location":"StartupLifecycleLogger:onReady","sessionId":"377d1b","runId":"run_startup","message":"application_ready_event","timestamp":1774867560570}
{"data":{"exceptionType":"org.springframework.boot.devtools.restart.SilentExitExceptionHandler$SilentExitException","rootCauseChain":"org.springframework.boot.devtools.restart.SilentExitExceptionHandler$SilentExitException:","exceptionMessage":"org.springframework.boot.devtools.restart.SilentExitExceptionHandler$SilentExitException"},"hypothesisId":"E_other_startup_main_caught","location":"PracticalTrainingApplication:main","sessionId":"377d1b","runId":"run_main_caught","message":"main_caught_exception","timestamp":1774867560573}
{"data":{"contextId":"Practical_training"},"hypothesisId":"H3_context_closed","location":"StartupLifecycleLogger:onClosed","sessionId":"377d1b","runId":"run_startup","message":"context_closed_event","timestamp":1774867992886}
{"data":{"argCount":0},"hypothesisId":"Z_main_entry","location":"PracticalTrainingApplication:main","sessionId":"377d1b","runId":"run_main_pre","message":"main_entered","timestamp":1774867996374}
{"data":{"argCount":0},"hypothesisId":"Z_main_entry","location":"PracticalTrainingApplication:main","sessionId":"377d1b","runId":"run_main_pre","message":"main_entered","timestamp":1774867996813}
{"data":{"activeProfiles":"","contextId":"Practical_training","datasourceUrl":"jdbc:mysql://localhost:3306/game?useSSL=false&allowPublicKeyRetrieval=true&serverTimezone=UTC&characterEncoding=utf8"},"hypothesisId":"H1_started_event","location":"StartupLifecycleLogger:onStarted","sessionId":"377d1b","runId":"run_startup","message":"application_started_event","timestamp":1774867999654}
{"data":{"flywayEnabled":"true","serverPort":"8080"},"hypothesisId":"E_other_startup","location":"StartupInstrumentationListener:onApplicationReady","sessionId":"377d1b","runId":"pre-debug","message":"application_ready","timestamp":1774867999659}
{"data":{"contextId":"Practical_training"},"hypothesisId":"H2_ready_event","location":"StartupLifecycleLogger:onReady","sessionId":"377d1b","runId":"run_startup","message":"application_ready_event","timestamp":1774867999660}
{"data":{"exceptionType":"org.springframework.boot.devtools.restart.SilentExitExceptionHandler$SilentExitException","rootCauseChain":"org.springframework.boot.devtools.restart.SilentExitExceptionHandler$SilentExitException:","exceptionMessage":"org.springframework.boot.devtools.restart.SilentExitExceptionHandler$SilentExitException"},"hypothesisId":"E_other_startup_main_caught","location":"PracticalTrainingApplication:main","sessionId":"377d1b","runId":"run_main_caught","message":"main_caught_exception","timestamp":1774867999664}
{"data":{"contextId":"Practical_training"},"hypothesisId":"H3_context_closed","location":"StartupLifecycleLogger:onClosed","sessionId":"377d1b","runId":"run_startup","message":"context_closed_event","timestamp":1774870103598}
{"data":{"argCount":0},"hypothesisId":"Z_main_entry","location":"PracticalTrainingApplication:main","sessionId":"377d1b","runId":"run_main_pre","message":"main_entered","timestamp":1775129391284}
{"data":{"argCount":0},"hypothesisId":"Z_main_entry","location":"PracticalTrainingApplication:main","sessionId":"377d1b","runId":"run_main_pre","message":"main_entered","timestamp":1775129391724}
{"data":{"activeProfiles":"","contextId":"Practical_training","datasourceUrl":"jdbc:mysql://localhost:3306/game?useSSL=false&allowPublicKeyRetrieval=true&serverTimezone=UTC&characterEncoding=utf8"},"hypothesisId":"H1_started_event","location":"StartupLifecycleLogger:onStarted","sessionId":"377d1b","runId":"run_startup","message":"application_started_event","timestamp":1775129397578}
{"data":{"flywayEnabled":"true","serverPort":"8080"},"hypothesisId":"E_other_startup","location":"StartupInstrumentationListener:onApplicationReady","sessionId":"377d1b","runId":"pre-debug","message":"application_ready","timestamp":1775129397587}
{"data":{"contextId":"Practical_training"},"hypothesisId":"H2_ready_event","location":"StartupLifecycleLogger:onReady","sessionId":"377d1b","runId":"run_startup","message":"application_ready_event","timestamp":1775129397588}
{"data":{"exceptionType":"org.springframework.boot.devtools.restart.SilentExitExceptionHandler$SilentExitException","rootCauseChain":"org.springframework.boot.devtools.restart.SilentExitExceptionHandler$SilentExitException:","exceptionMessage":"org.springframework.boot.devtools.restart.SilentExitExceptionHandler$SilentExitException"},"hypothesisId":"E_other_startup_main_caught","location":"PracticalTrainingApplication:main","sessionId":"377d1b","runId":"run_main_caught","message":"main_caught_exception","timestamp":1775129397595}
{"data":{"contextId":"Practical_training"},"hypothesisId":"H3_context_closed","location":"StartupLifecycleLogger:onClosed","sessionId":"377d1b","runId":"run_startup","message":"context_closed_event","timestamp":1775129497680}
{"data":{"argCount":0},"hypothesisId":"Z_main_entry","location":"PracticalTrainingApplication:main","sessionId":"377d1b","runId":"run_main_pre","message":"main_entered","timestamp":1775129751636}
{"data":{"argCount":0},"hypothesisId":"Z_main_entry","location":"PracticalTrainingApplication:main","sessionId":"377d1b","runId":"run_main_pre","message":"main_entered","timestamp":1775129752058}
{"data":{"activeProfiles":"","contextId":"Practical_training","datasourceUrl":"jdbc:mysql://localhost:3306/game?useSSL=false&allowPublicKeyRetrieval=true&serverTimezone=UTC&characterEncoding=utf8"},"hypothesisId":"H1_started_event","location":"StartupLifecycleLogger:onStarted","sessionId":"377d1b","runId":"run_startup","message":"application_started_event","timestamp":1775129755686}
{"data":{"flywayEnabled":"true","serverPort":"8080"},"hypothesisId":"E_other_startup","location":"StartupInstrumentationListener:onApplicationReady","sessionId":"377d1b","runId":"pre-debug","message":"application_ready","timestamp":1775129755689}
{"data":{"contextId":"Practical_training"},"hypothesisId":"H2_ready_event","location":"StartupLifecycleLogger:onReady","sessionId":"377d1b","runId":"run_startup","message":"application_ready_event","timestamp":1775129755690}
{"data":{"exceptionType":"org.springframework.boot.devtools.restart.SilentExitExceptionHandler$SilentExitException","rootCauseChain":"org.springframework.boot.devtools.restart.SilentExitExceptionHandler$SilentExitException:","exceptionMessage":"org.springframework.boot.devtools.restart.SilentExitExceptionHandler$SilentExitException"},"hypothesisId":"E_other_startup_main_caught","location":"PracticalTrainingApplication:main","sessionId":"377d1b","runId":"run_main_caught","message":"main_caught_exception","timestamp":1775129755691}
{"data":{"contextId":"Practical_training"},"hypothesisId":"H3_context_closed","location":"StartupLifecycleLogger:onClosed","sessionId":"377d1b","runId":"run_startup","message":"context_closed_event","timestamp":1775129961085}
{"data":{"argCount":0},"hypothesisId":"Z_main_entry","location":"PracticalTrainingApplication:main","sessionId":"377d1b","runId":"run_main_pre","message":"main_entered","timestamp":1775129963249}
{"data":{"argCount":0},"hypothesisId":"Z_main_entry","location":"PracticalTrainingApplication:main","sessionId":"377d1b","runId":"run_main_pre","message":"main_entered","timestamp":1775129963516}
{"data":{"activeProfiles":"","contextId":"Practical_training","datasourceUrl":"jdbc:mysql://localhost:3306/game?useSSL=false&allowPublicKeyRetrieval=true&serverTimezone=UTC&characterEncoding=utf8"},"hypothesisId":"H1_started_event","location":"StartupLifecycleLogger:onStarted","sessionId":"377d1b","runId":"run_startup","message":"application_started_event","timestamp":1775129965662}
{"data":{"flywayEnabled":"true","serverPort":"8080"},"hypothesisId":"E_other_startup","location":"StartupInstrumentationListener:onApplicationReady","sessionId":"377d1b","runId":"pre-debug","message":"application_ready","timestamp":1775129965665}
{"data":{"contextId":"Practical_training"},"hypothesisId":"H2_ready_event","location":"StartupLifecycleLogger:onReady","sessionId":"377d1b","runId":"run_startup","message":"application_ready_event","timestamp":1775129965666}
{"data":{"exceptionType":"org.springframework.boot.devtools.restart.SilentExitExceptionHandler$SilentExitException","rootCauseChain":"org.springframework.boot.devtools.restart.SilentExitExceptionHandler$SilentExitException:","exceptionMessage":"org.springframework.boot.devtools.restart.SilentExitExceptionHandler$SilentExitException"},"hypothesisId":"E_other_startup_main_caught","location":"PracticalTrainingApplication:main","sessionId":"377d1b","runId":"run_main_caught","message":"main_caught_exception","timestamp":1775129965667}
{"data":{"contextId":"Practical_training"},"hypothesisId":"H3_context_closed","location":"StartupLifecycleLogger:onClosed","sessionId":"377d1b","runId":"run_startup","message":"context_closed_event","timestamp":1775130116760}
{"data":{"argCount":0},"hypothesisId":"Z_main_entry","location":"PracticalTrainingApplication:main","sessionId":"377d1b","runId":"run_main_pre","message":"main_entered","timestamp":1775130873074}
{"data":{"argCount":0},"hypothesisId":"Z_main_entry","location":"PracticalTrainingApplication:main","sessionId":"377d1b","runId":"run_main_pre","message":"main_entered","timestamp":1775130873337}
{"data":{"activeProfiles":"","contextId":"Practical_training","datasourceUrl":"jdbc:mysql://localhost:3306/game?useSSL=false&allowPublicKeyRetrieval=true&serverTimezone=UTC&characterEncoding=utf8"},"hypothesisId":"H1_started_event","location":"StartupLifecycleLogger:onStarted","sessionId":"377d1b","runId":"run_startup","message":"application_started_event","timestamp":1775130875253}
{"data":{"flywayEnabled":"true","serverPort":"8080"},"hypothesisId":"E_other_startup","location":"StartupInstrumentationListener:onApplicationReady","sessionId":"377d1b","runId":"pre-debug","message":"application_ready","timestamp":1775130875256}
{"data":{"contextId":"Practical_training"},"hypothesisId":"H2_ready_event","location":"StartupLifecycleLogger:onReady","sessionId":"377d1b","runId":"run_startup","message":"application_ready_event","timestamp":1775130875257}
{"data":{"exceptionType":"org.springframework.boot.devtools.restart.SilentExitExceptionHandler$SilentExitException","rootCauseChain":"org.springframework.boot.devtools.restart.SilentExitExceptionHandler$SilentExitException:","exceptionMessage":"org.springframework.boot.devtools.restart.SilentExitExceptionHandler$SilentExitException"},"hypothesisId":"E_other_startup_main_caught","location":"PracticalTrainingApplication:main","sessionId":"377d1b","runId":"run_main_caught","message":"main_caught_exception","timestamp":1775130875259}
{"data":{"contextId":"Practical_training"},"hypothesisId":"H3_context_closed","location":"StartupLifecycleLogger:onClosed","sessionId":"377d1b","runId":"run_startup","message":"context_closed_event","timestamp":1775130915662}
{"data":{"argCount":0},"hypothesisId":"Z_main_entry","location":"PracticalTrainingApplication:main","sessionId":"377d1b","runId":"run_main_pre","message":"main_entered","timestamp":1775130917878}
{"data":{"argCount":0},"hypothesisId":"Z_main_entry","location":"PracticalTrainingApplication:main","sessionId":"377d1b","runId":"run_main_pre","message":"main_entered","timestamp":1775130918125}
{"data":{"activeProfiles":"","contextId":"Practical_training","datasourceUrl":"jdbc:mysql://localhost:3306/game?useSSL=false&allowPublicKeyRetrieval=true&serverTimezone=UTC&characterEncoding=utf8"},"hypothesisId":"H1_started_event","location":"StartupLifecycleLogger:onStarted","sessionId":"377d1b","runId":"run_startup","message":"application_started_event","timestamp":1775130920378}
{"data":{"flywayEnabled":"true","serverPort":"8080"},"hypothesisId":"E_other_startup","location":"StartupInstrumentationListener:onApplicationReady","sessionId":"377d1b","runId":"pre-debug","message":"application_ready","timestamp":1775130920381}
{"data":{"contextId":"Practical_training"},"hypothesisId":"H2_ready_event","location":"StartupLifecycleLogger:onReady","sessionId":"377d1b","runId":"run_startup","message":"application_ready_event","timestamp":1775130920382}
{"data":{"exceptionType":"org.springframework.boot.devtools.restart.SilentExitExceptionHandler$SilentExitException","rootCauseChain":"org.springframework.boot.devtools.restart.SilentExitExceptionHandler$SilentExitException:","exceptionMessage":"org.springframework.boot.devtools.restart.SilentExitExceptionHandler$SilentExitException"},"hypothesisId":"E_other_startup_main_caught","location":"PracticalTrainingApplication:main","sessionId":"377d1b","runId":"run_main_caught","message":"main_caught_exception","timestamp":1775130920383}
{"data":{"contextId":"Practical_training"},"hypothesisId":"H3_context_closed","location":"StartupLifecycleLogger:onClosed","sessionId":"377d1b","runId":"run_startup","message":"context_closed_event","timestamp":1775131006514}
{"data":{"argCount":0},"hypothesisId":"Z_main_entry","location":"PracticalTrainingApplication:main","sessionId":"377d1b","runId":"run_main_pre","message":"main_entered","timestamp":1775131213046}
{"data":{"argCount":0},"hypothesisId":"Z_main_entry","location":"PracticalTrainingApplication:main","sessionId":"377d1b","runId":"run_main_pre","message":"main_entered","timestamp":1775131213308}
{"data":{"activeProfiles":"","contextId":"Practical_training","datasourceUrl":"jdbc:mysql://localhost:3306/game?useSSL=false&allowPublicKeyRetrieval=true&serverTimezone=UTC&characterEncoding=utf8"},"hypothesisId":"H1_started_event","location":"StartupLifecycleLogger:onStarted","sessionId":"377d1b","runId":"run_startup","message":"application_started_event","timestamp":1775131215670}
{"data":{"flywayEnabled":"true","serverPort":"8080"},"hypothesisId":"E_other_startup","location":"StartupInstrumentationListener:onApplicationReady","sessionId":"377d1b","runId":"pre-debug","message":"application_ready","timestamp":1775131215672}
{"data":{"contextId":"Practical_training"},"hypothesisId":"H2_ready_event","location":"StartupLifecycleLogger:onReady","sessionId":"377d1b","runId":"run_startup","message":"application_ready_event","timestamp":1775131215673}
{"data":{"exceptionType":"org.springframework.boot.devtools.restart.SilentExitExceptionHandler$SilentExitException","rootCauseChain":"org.springframework.boot.devtools.restart.SilentExitExceptionHandler$SilentExitException:","exceptionMessage":"org.springframework.boot.devtools.restart.SilentExitExceptionHandler$SilentExitException"},"hypothesisId":"E_other_startup_main_caught","location":"PracticalTrainingApplication:main","sessionId":"377d1b","runId":"run_main_caught","message":"main_caught_exception","timestamp":1775131215675}
{"data":{"contextId":"Practical_training"},"hypothesisId":"H3_context_closed","location":"StartupLifecycleLogger:onClosed","sessionId":"377d1b","runId":"run_startup","message":"context_closed_event","timestamp":1775131614917}
{"data":{"argCount":0},"hypothesisId":"Z_main_entry","location":"PracticalTrainingApplication:main","sessionId":"377d1b","runId":"run_main_pre","message":"main_entered","timestamp":1775131617454}
{"data":{"argCount":0},"hypothesisId":"Z_main_entry","location":"PracticalTrainingApplication:main","sessionId":"377d1b","runId":"run_main_pre","message":"main_entered","timestamp":1775131617754}
{"data":{"activeProfiles":"","contextId":"Practical_training","datasourceUrl":"jdbc:mysql://localhost:3306/game?useSSL=false&allowPublicKeyRetrieval=true&serverTimezone=UTC&characterEncoding=utf8"},"hypothesisId":"H1_started_event","location":"StartupLifecycleLogger:onStarted","sessionId":"377d1b","runId":"run_startup","message":"application_started_event","timestamp":1775131620161}
{"data":{"flywayEnabled":"true","serverPort":"8080"},"hypothesisId":"E_other_startup","location":"StartupInstrumentationListener:onApplicationReady","sessionId":"377d1b","runId":"pre-debug","message":"application_ready","timestamp":1775131620163}
{"data":{"contextId":"Practical_training"},"hypothesisId":"H2_ready_event","location":"StartupLifecycleLogger:onReady","sessionId":"377d1b","runId":"run_startup","message":"application_ready_event","timestamp":1775131620163}
{"data":{"exceptionType":"org.springframework.boot.devtools.restart.SilentExitExceptionHandler$SilentExitException","rootCauseChain":"org.springframework.boot.devtools.restart.SilentExitExceptionHandler$SilentExitException:","exceptionMessage":"org.springframework.boot.devtools.restart.SilentExitExceptionHandler$SilentExitException"},"hypothesisId":"E_other_startup_main_caught","location":"PracticalTrainingApplication:main","sessionId":"377d1b","runId":"run_main_caught","message":"main_caught_exception","timestamp":1775131620165}
{"data":{"contextId":"Practical_training"},"hypothesisId":"H3_context_closed","location":"StartupLifecycleLogger:onClosed","sessionId":"377d1b","runId":"run_startup","message":"context_closed_event","timestamp":1775131920034}
{"data":{"argCount":0},"hypothesisId":"Z_main_entry","location":"PracticalTrainingApplication:main","sessionId":"377d1b","runId":"run_main_pre","message":"main_entered","timestamp":1775131922461}
{"data":{"argCount":0},"hypothesisId":"Z_main_entry","location":"PracticalTrainingApplication:main","sessionId":"377d1b","runId":"run_main_pre","message":"main_entered","timestamp":1775131922726}
{"data":{"activeProfiles":"","contextId":"Practical_training","datasourceUrl":"jdbc:mysql://localhost:3306/game?useSSL=false&allowPublicKeyRetrieval=true&serverTimezone=UTC&characterEncoding=utf8"},"hypothesisId":"H1_started_event","location":"StartupLifecycleLogger:onStarted","sessionId":"377d1b","runId":"run_startup","message":"application_started_event","timestamp":1775131924716}
{"data":{"flywayEnabled":"true","serverPort":"8080"},"hypothesisId":"E_other_startup","location":"StartupInstrumentationListener:onApplicationReady","sessionId":"377d1b","runId":"pre-debug","message":"application_ready","timestamp":1775131924720}
{"data":{"contextId":"Practical_training"},"hypothesisId":"H2_ready_event","location":"StartupLifecycleLogger:onReady","sessionId":"377d1b","runId":"run_startup","message":"application_ready_event","timestamp":1775131924720}
{"data":{"exceptionType":"org.springframework.boot.devtools.restart.SilentExitExceptionHandler$SilentExitException","rootCauseChain":"org.springframework.boot.devtools.restart.SilentExitExceptionHandler$SilentExitException:","exceptionMessage":"org.springframework.boot.devtools.restart.SilentExitExceptionHandler$SilentExitException"},"hypothesisId":"E_other_startup_main_caught","location":"PracticalTrainingApplication:main","sessionId":"377d1b","runId":"run_main_caught","message":"main_caught_exception","timestamp":1775131924722}
{"data":{"contextId":"Practical_training"},"hypothesisId":"H3_context_closed","location":"StartupLifecycleLogger:onClosed","sessionId":"377d1b","runId":"run_startup","message":"context_closed_event","timestamp":1775133432650}
{"data":{"argCount":0},"hypothesisId":"Z_main_entry","location":"PracticalTrainingApplication:main","sessionId":"377d1b","runId":"run_main_pre","message":"main_entered","timestamp":1775133436679}
{"data":{"argCount":0},"hypothesisId":"Z_main_entry","location":"PracticalTrainingApplication:main","sessionId":"377d1b","runId":"run_main_pre","message":"main_entered","timestamp":1775133436857}
{"data":{"activeProfiles":"","contextId":"Practical_training","datasourceUrl":"jdbc:mysql://localhost:3306/game?useSSL=false&allowPublicKeyRetrieval=true&serverTimezone=UTC&characterEncoding=utf8"},"hypothesisId":"H1_started_event","location":"StartupLifecycleLogger:onStarted","sessionId":"377d1b","runId":"run_startup","message":"application_started_event","timestamp":1775133438993}
{"data":{"flywayEnabled":"true","serverPort":"8080"},"hypothesisId":"E_other_startup","location":"StartupInstrumentationListener:onApplicationReady","sessionId":"377d1b","runId":"pre-debug","message":"application_ready","timestamp":1775133438996}
{"data":{"contextId":"Practical_training"},"hypothesisId":"H2_ready_event","location":"StartupLifecycleLogger:onReady","sessionId":"377d1b","runId":"run_startup","message":"application_ready_event","timestamp":1775133438998}
{"data":{"exceptionType":"org.springframework.boot.devtools.restart.SilentExitExceptionHandler$SilentExitException","rootCauseChain":"org.springframework.boot.devtools.restart.SilentExitExceptionHandler$SilentExitException:","exceptionMessage":"org.springframework.boot.devtools.restart.SilentExitExceptionHandler$SilentExitException"},"hypothesisId":"E_other_startup_main_caught","location":"PracticalTrainingApplication:main","sessionId":"377d1b","runId":"run_main_caught","message":"main_caught_exception","timestamp":1775133439000}
{"data":{"contextId":"Practical_training"},"hypothesisId":"H3_context_closed","location":"StartupLifecycleLogger:onClosed","sessionId":"377d1b","runId":"run_startup","message":"context_closed_event","timestamp":1775133572933}
{"data":{"argCount":0},"hypothesisId":"Z_main_entry","location":"PracticalTrainingApplication:main","sessionId":"377d1b","runId":"run_main_pre","message":"main_entered","timestamp":1775133577845}
{"data":{"argCount":0},"hypothesisId":"Z_main_entry","location":"PracticalTrainingApplication:main","sessionId":"377d1b","runId":"run_main_pre","message":"main_entered","timestamp":1775133578026}
{"data":{"activeProfiles":"","contextId":"Practical_training","datasourceUrl":"jdbc:mysql://localhost:3306/game?useSSL=false&allowPublicKeyRetrieval=true&serverTimezone=UTC&characterEncoding=utf8"},"hypothesisId":"H1_started_event","location":"StartupLifecycleLogger:onStarted","sessionId":"377d1b","runId":"run_startup","message":"application_started_event","timestamp":1775133579857}
{"data":{"flywayEnabled":"true","serverPort":"8080"},"hypothesisId":"E_other_startup","location":"StartupInstrumentationListener:onApplicationReady","sessionId":"377d1b","runId":"pre-debug","message":"application_ready","timestamp":1775133579861}
{"data":{"contextId":"Practical_training"},"hypothesisId":"H2_ready_event","location":"StartupLifecycleLogger:onReady","sessionId":"377d1b","runId":"run_startup","message":"application_ready_event","timestamp":1775133579862}
{"data":{"exceptionType":"org.springframework.boot.devtools.restart.SilentExitExceptionHandler$SilentExitException","rootCauseChain":"org.springframework.boot.devtools.restart.SilentExitExceptionHandler$SilentExitException:","exceptionMessage":"org.springframework.boot.devtools.restart.SilentExitExceptionHandler$SilentExitException"},"hypothesisId":"E_other_startup_main_caught","location":"PracticalTrainingApplication:main","sessionId":"377d1b","runId":"run_main_caught","message":"main_caught_exception","timestamp":1775133579863}
{"data":{"contextId":"Practical_training"},"hypothesisId":"H3_context_closed","location":"StartupLifecycleLogger:onClosed","sessionId":"377d1b","runId":"run_startup","message":"context_closed_event","timestamp":1775133783351}
{"data":{"argCount":0},"hypothesisId":"Z_main_entry","location":"PracticalTrainingApplication:main","sessionId":"377d1b","runId":"run_main_pre","message":"main_entered","timestamp":1775133785783}
{"data":{"argCount":0},"hypothesisId":"Z_main_entry","location":"PracticalTrainingApplication:main","sessionId":"377d1b","runId":"run_main_pre","message":"main_entered","timestamp":1775133786025}
{"data":{"activeProfiles":"","contextId":"Practical_training","datasourceUrl":"jdbc:mysql://localhost:3306/game?useSSL=false&allowPublicKeyRetrieval=true&serverTimezone=UTC&characterEncoding=utf8"},"hypothesisId":"H1_started_event","location":"StartupLifecycleLogger:onStarted","sessionId":"377d1b","runId":"run_startup","message":"application_started_event","timestamp":1775133788393}
{"data":{"flywayEnabled":"true","serverPort":"8080"},"hypothesisId":"E_other_startup","location":"StartupInstrumentationListener:onApplicationReady","sessionId":"377d1b","runId":"pre-debug","message":"application_ready","timestamp":1775133788396}
{"data":{"contextId":"Practical_training"},"hypothesisId":"H2_ready_event","location":"StartupLifecycleLogger:onReady","sessionId":"377d1b","runId":"run_startup","message":"application_ready_event","timestamp":1775133788396}
{"data":{"exceptionType":"org.springframework.boot.devtools.restart.SilentExitExceptionHandler$SilentExitException","rootCauseChain":"org.springframework.boot.devtools.restart.SilentExitExceptionHandler$SilentExitException:","exceptionMessage":"org.springframework.boot.devtools.restart.SilentExitExceptionHandler$SilentExitException"},"hypothesisId":"E_other_startup_main_caught","location":"PracticalTrainingApplication:main","sessionId":"377d1b","runId":"run_main_caught","message":"main_caught_exception","timestamp":1775133788399}
{"data":{"contextId":"Practical_training"},"hypothesisId":"H3_context_closed","location":"StartupLifecycleLogger:onClosed","sessionId":"377d1b","runId":"run_startup","message":"context_closed_event","timestamp":1775134399184}
{"data":{"argCount":0},"hypothesisId":"Z_main_entry","location":"PracticalTrainingApplication:main","sessionId":"377d1b","runId":"run_main_pre","message":"main_entered","timestamp":1775134401580}
{"data":{"argCount":0},"hypothesisId":"Z_main_entry","location":"PracticalTrainingApplication:main","sessionId":"377d1b","runId":"run_main_pre","message":"main_entered","timestamp":1775134401877}
{"data":{"activeProfiles":"","contextId":"Practical_training","datasourceUrl":"jdbc:mysql://localhost:3306/game?useSSL=false&allowPublicKeyRetrieval=true&serverTimezone=UTC&characterEncoding=utf8"},"hypothesisId":"H1_started_event","location":"StartupLifecycleLogger:onStarted","sessionId":"377d1b","runId":"run_startup","message":"application_started_event","timestamp":1775134404144}
{"data":{"flywayEnabled":"true","serverPort":"8080"},"hypothesisId":"E_other_startup","location":"StartupInstrumentationListener:onApplicationReady","sessionId":"377d1b","runId":"pre-debug","message":"application_ready","timestamp":1775134404146}
{"data":{"contextId":"Practical_training"},"hypothesisId":"H2_ready_event","location":"StartupLifecycleLogger:onReady","sessionId":"377d1b","runId":"run_startup","message":"application_ready_event","timestamp":1775134404147}
{"data":{"exceptionType":"org.springframework.boot.devtools.restart.SilentExitExceptionHandler$SilentExitException","rootCauseChain":"org.springframework.boot.devtools.restart.SilentExitExceptionHandler$SilentExitException:","exceptionMessage":"org.springframework.boot.devtools.restart.SilentExitExceptionHandler$SilentExitException"},"hypothesisId":"E_other_startup_main_caught","location":"PracticalTrainingApplication:main","sessionId":"377d1b","runId":"run_main_caught","message":"main_caught_exception","timestamp":1775134404149}
{"data":{"contextId":"Practical_training"},"hypothesisId":"H3_context_closed","location":"StartupLifecycleLogger:onClosed","sessionId":"377d1b","runId":"run_startup","message":"context_closed_event","timestamp":1775134671231}
{"data":{"argCount":0},"hypothesisId":"Z_main_entry","location":"PracticalTrainingApplication:main","sessionId":"377d1b","runId":"run_main_pre","message":"main_entered","timestamp":1775134673651}
{"data":{"argCount":0},"hypothesisId":"Z_main_entry","location":"PracticalTrainingApplication:main","sessionId":"377d1b","runId":"run_main_pre","message":"main_entered","timestamp":1775134673919}
{"data":{"activeProfiles":"","contextId":"Practical_training","datasourceUrl":"jdbc:mysql://localhost:3306/game?useSSL=false&allowPublicKeyRetrieval=true&serverTimezone=UTC&characterEncoding=utf8"},"hypothesisId":"H1_started_event","location":"StartupLifecycleLogger:onStarted","sessionId":"377d1b","runId":"run_startup","message":"application_started_event","timestamp":1775134676173}
{"data":{"flywayEnabled":"true","serverPort":"8080"},"hypothesisId":"E_other_startup","location":"StartupInstrumentationListener:onApplicationReady","sessionId":"377d1b","runId":"pre-debug","message":"application_ready","timestamp":1775134676176}
{"data":{"contextId":"Practical_training"},"hypothesisId":"H2_ready_event","location":"StartupLifecycleLogger:onReady","sessionId":"377d1b","runId":"run_startup","message":"application_ready_event","timestamp":1775134676176}
{"data":{"exceptionType":"org.springframework.boot.devtools.restart.SilentExitExceptionHandler$SilentExitException","rootCauseChain":"org.springframework.boot.devtools.restart.SilentExitExceptionHandler$SilentExitException:","exceptionMessage":"org.springframework.boot.devtools.restart.SilentExitExceptionHandler$SilentExitException"},"hypothesisId":"E_other_startup_main_caught","location":"PracticalTrainingApplication:main","sessionId":"377d1b","runId":"run_main_caught","message":"main_caught_exception","timestamp":1775134676179}
{"data":{"contextId":"Practical_training"},"hypothesisId":"H3_context_closed","location":"StartupLifecycleLogger:onClosed","sessionId":"377d1b","runId":"run_startup","message":"context_closed_event","timestamp":1775135777112}
{"data":{"argCount":0},"hypothesisId":"Z_main_entry","location":"PracticalTrainingApplication:main","sessionId":"377d1b","runId":"run_main_pre","message":"main_entered","timestamp":1775135780000}
{"data":{"argCount":0},"hypothesisId":"Z_main_entry","location":"PracticalTrainingApplication:main","sessionId":"377d1b","runId":"run_main_pre","message":"main_entered","timestamp":1775135780320}
{"data":{"activeProfiles":"","contextId":"Practical_training","datasourceUrl":"jdbc:mysql://localhost:3306/game?useSSL=false&allowPublicKeyRetrieval=true&serverTimezone=UTC&characterEncoding=utf8"},"hypothesisId":"H1_started_event","location":"StartupLifecycleLogger:onStarted","sessionId":"377d1b","runId":"run_startup","message":"application_started_event","timestamp":1775135783577}
{"data":{"flywayEnabled":"true","serverPort":"8080"},"hypothesisId":"E_other_startup","location":"StartupInstrumentationListener:onApplicationReady","sessionId":"377d1b","runId":"pre-debug","message":"application_ready","timestamp":1775135783583}
{"data":{"contextId":"Practical_training"},"hypothesisId":"H2_ready_event","location":"StartupLifecycleLogger:onReady","sessionId":"377d1b","runId":"run_startup","message":"application_ready_event","timestamp":1775135783585}
{"data":{"exceptionType":"org.springframework.boot.devtools.restart.SilentExitExceptionHandler$SilentExitException","rootCauseChain":"org.springframework.boot.devtools.restart.SilentExitExceptionHandler$SilentExitException:","exceptionMessage":"org.springframework.boot.devtools.restart.SilentExitExceptionHandler$SilentExitException"},"hypothesisId":"E_other_startup_main_caught","location":"PracticalTrainingApplication:main","sessionId":"377d1b","runId":"run_main_caught","message":"main_caught_exception","timestamp":1775135783589}
{"data":{"contextId":"Practical_training"},"hypothesisId":"H3_context_closed","location":"StartupLifecycleLogger:onClosed","sessionId":"377d1b","runId":"run_startup","message":"context_closed_event","timestamp":1775135871170}
{"data":{"argCount":0},"hypothesisId":"Z_main_entry","location":"PracticalTrainingApplication:main","sessionId":"377d1b","runId":"run_main_pre","message":"main_entered","timestamp":1775135873656}
{"data":{"argCount":0},"hypothesisId":"Z_main_entry","location":"PracticalTrainingApplication:main","sessionId":"377d1b","runId":"run_main_pre","message":"main_entered","timestamp":1775135873931}
{"data":{"activeProfiles":"","contextId":"Practical_training","datasourceUrl":"jdbc:mysql://localhost:3306/game?useSSL=false&allowPublicKeyRetrieval=true&serverTimezone=UTC&characterEncoding=utf8"},"hypothesisId":"H1_started_event","location":"StartupLifecycleLogger:onStarted","sessionId":"377d1b","runId":"run_startup","message":"application_started_event","timestamp":1775135876670}
{"data":{"flywayEnabled":"true","serverPort":"8080"},"hypothesisId":"E_other_startup","location":"StartupInstrumentationListener:onApplicationReady","sessionId":"377d1b","runId":"pre-debug","message":"application_ready","timestamp":1775135876677}
{"data":{"contextId":"Practical_training"},"hypothesisId":"H2_ready_event","location":"StartupLifecycleLogger:onReady","sessionId":"377d1b","runId":"run_startup","message":"application_ready_event","timestamp":1775135876679}
{"data":{"exceptionType":"org.springframework.boot.devtools.restart.SilentExitExceptionHandler$SilentExitException","rootCauseChain":"org.springframework.boot.devtools.restart.SilentExitExceptionHandler$SilentExitException:","exceptionMessage":"org.springframework.boot.devtools.restart.SilentExitExceptionHandler$SilentExitException"},"hypothesisId":"E_other_startup_main_caught","location":"PracticalTrainingApplication:main","sessionId":"377d1b","runId":"run_main_caught","message":"main_caught_exception","timestamp":1775135876686}
{"data":{"contextId":"Practical_training"},"hypothesisId":"H3_context_closed","location":"StartupLifecycleLogger:onClosed","sessionId":"377d1b","runId":"run_startup","message":"context_closed_event","timestamp":1775135885729}
{"data":{"argCount":0},"hypothesisId":"Z_main_entry","location":"PracticalTrainingApplication:main","sessionId":"377d1b","runId":"run_main_pre","message":"main_entered","timestamp":1775135888163}
{"data":{"argCount":0},"hypothesisId":"Z_main_entry","location":"PracticalTrainingApplication:main","sessionId":"377d1b","runId":"run_main_pre","message":"main_entered","timestamp":1775135888429}
{"data":{"activeProfiles":"","contextId":"Practical_training","datasourceUrl":"jdbc:mysql://localhost:3306/game?useSSL=false&allowPublicKeyRetrieval=true&serverTimezone=UTC&characterEncoding=utf8"},"hypothesisId":"H1_started_event","location":"StartupLifecycleLogger:onStarted","sessionId":"377d1b","runId":"run_startup","message":"application_started_event","timestamp":1775135891153}
{"data":{"flywayEnabled":"true","serverPort":"8080"},"hypothesisId":"E_other_startup","location":"StartupInstrumentationListener:onApplicationReady","sessionId":"377d1b","runId":"pre-debug","message":"application_ready","timestamp":1775135891159}
{"data":{"contextId":"Practical_training"},"hypothesisId":"H2_ready_event","location":"StartupLifecycleLogger:onReady","sessionId":"377d1b","runId":"run_startup","message":"application_ready_event","timestamp":1775135891161}
{"data":{"exceptionType":"org.springframework.boot.devtools.restart.SilentExitExceptionHandler$SilentExitException","rootCauseChain":"org.springframework.boot.devtools.restart.SilentExitExceptionHandler$SilentExitException:","exceptionMessage":"org.springframework.boot.devtools.restart.SilentExitExceptionHandler$SilentExitException"},"hypothesisId":"E_other_startup_main_caught","location":"PracticalTrainingApplication:main","sessionId":"377d1b","runId":"run_main_caught","message":"main_caught_exception","timestamp":1775135891164}
{"data":{"contextId":"Practical_training"},"hypothesisId":"H3_context_closed","location":"StartupLifecycleLogger:onClosed","sessionId":"377d1b","runId":"run_startup","message":"context_closed_event","timestamp":1775136373146}
{"data":{"argCount":0},"hypothesisId":"Z_main_entry","location":"PracticalTrainingApplication:main","sessionId":"377d1b","runId":"run_main_pre","message":"main_entered","timestamp":1775136374954}
{"data":{"argCount":0},"hypothesisId":"Z_main_entry","location":"PracticalTrainingApplication:main","sessionId":"377d1b","runId":"run_main_pre","message":"main_entered","timestamp":1775136375133}
{"data":{"activeProfiles":"","contextId":"Practical_training","datasourceUrl":"jdbc:mysql://localhost:3306/game?useSSL=false&allowPublicKeyRetrieval=true&serverTimezone=UTC&characterEncoding=utf8"},"hypothesisId":"H1_started_event","location":"StartupLifecycleLogger:onStarted","sessionId":"377d1b","runId":"run_startup","message":"application_started_event","timestamp":1775136376946}
{"data":{"flywayEnabled":"true","serverPort":"8080"},"hypothesisId":"E_other_startup","location":"StartupInstrumentationListener:onApplicationReady","sessionId":"377d1b","runId":"pre-debug","message":"application_ready","timestamp":1775136376948}
{"data":{"contextId":"Practical_training"},"hypothesisId":"H2_ready_event","location":"StartupLifecycleLogger:onReady","sessionId":"377d1b","runId":"run_startup","message":"application_ready_event","timestamp":1775136376949}
{"data":{"exceptionType":"org.springframework.boot.devtools.restart.SilentExitExceptionHandler$SilentExitException","rootCauseChain":"org.springframework.boot.devtools.restart.SilentExitExceptionHandler$SilentExitException:","exceptionMessage":"org.springframework.boot.devtools.restart.SilentExitExceptionHandler$SilentExitException"},"hypothesisId":"E_other_startup_main_caught","location":"PracticalTrainingApplication:main","sessionId":"377d1b","runId":"run_main_caught","message":"main_caught_exception","timestamp":1775136376950}
{"data":{"contextId":"Practical_training"},"hypothesisId":"H3_context_closed","location":"StartupLifecycleLogger:onClosed","sessionId":"377d1b","runId":"run_startup","message":"context_closed_event","timestamp":1775136448585}
{"data":{"argCount":0},"hypothesisId":"Z_main_entry","location":"PracticalTrainingApplication:main","sessionId":"377d1b","runId":"run_main_pre","message":"main_entered","timestamp":1775139558692}
{"data":{"argCount":0},"hypothesisId":"Z_main_entry","location":"PracticalTrainingApplication:main","sessionId":"377d1b","runId":"run_main_pre","message":"main_entered","timestamp":1775139559077}
{"data":{"activeProfiles":"","contextId":"Practical_training","datasourceUrl":"jdbc:mysql://localhost:3306/game?useSSL=false&allowPublicKeyRetrieval=true&serverTimezone=UTC&characterEncoding=utf8"},"hypothesisId":"H1_started_event","location":"StartupLifecycleLogger:onStarted","sessionId":"377d1b","runId":"run_startup","message":"application_started_event","timestamp":1775139562987}
{"data":{"flywayEnabled":"true","serverPort":"8080"},"hypothesisId":"E_other_startup","location":"StartupInstrumentationListener:onApplicationReady","sessionId":"377d1b","runId":"pre-debug","message":"application_ready","timestamp":1775139562991}
{"data":{"contextId":"Practical_training"},"hypothesisId":"H2_ready_event","location":"StartupLifecycleLogger:onReady","sessionId":"377d1b","runId":"run_startup","message":"application_ready_event","timestamp":1775139562992}
{"data":{"exceptionType":"org.springframework.boot.devtools.restart.SilentExitExceptionHandler$SilentExitException","rootCauseChain":"org.springframework.boot.devtools.restart.SilentExitExceptionHandler$SilentExitException:","exceptionMessage":"org.springframework.boot.devtools.restart.SilentExitExceptionHandler$SilentExitException"},"hypothesisId":"E_other_startup_main_caught","location":"PracticalTrainingApplication:main","sessionId":"377d1b","runId":"run_main_caught","message":"main_caught_exception","timestamp":1775139562998}
{"data":{"argCount":0},"hypothesisId":"Z_main_entry","location":"PracticalTrainingApplication:main","sessionId":"377d1b","runId":"run_main_pre","message":"main_entered","timestamp":1775141704603}
{"data":{"argCount":0},"hypothesisId":"Z_main_entry","location":"PracticalTrainingApplication:main","sessionId":"377d1b","runId":"run_main_pre","message":"main_entered","timestamp":1775141704803}
{"data":{"activeProfiles":"","contextId":"Practical_training","datasourceUrl":"jdbc:mysql://localhost:3306/game?useSSL=false&allowPublicKeyRetrieval=true&serverTimezone=UTC&characterEncoding=utf8"},"hypothesisId":"H1_started_event","location":"StartupLifecycleLogger:onStarted","sessionId":"377d1b","runId":"run_startup","message":"application_started_event","timestamp":1775141707036}
{"data":{"flywayEnabled":"true","serverPort":"8080"},"hypothesisId":"E_other_startup","location":"StartupInstrumentationListener:onApplicationReady","sessionId":"377d1b","runId":"pre-debug","message":"application_ready","timestamp":1775141707038}
{"data":{"contextId":"Practical_training"},"hypothesisId":"H2_ready_event","location":"StartupLifecycleLogger:onReady","sessionId":"377d1b","runId":"run_startup","message":"application_ready_event","timestamp":1775141707039}
{"data":{"exceptionType":"org.springframework.boot.devtools.restart.SilentExitExceptionHandler$SilentExitException","rootCauseChain":"org.springframework.boot.devtools.restart.SilentExitExceptionHandler$SilentExitException:","exceptionMessage":"org.springframework.boot.devtools.restart.SilentExitExceptionHandler$SilentExitException"},"hypothesisId":"E_other_startup_main_caught","location":"PracticalTrainingApplication:main","sessionId":"377d1b","runId":"run_main_caught","message":"main_caught_exception","timestamp":1775141707042}
{"data":{"contextId":"Practical_training"},"hypothesisId":"H3_context_closed","location":"StartupLifecycleLogger:onClosed","sessionId":"377d1b","runId":"run_startup","message":"context_closed_event","timestamp":1775142249260}
{"data":{"argCount":0},"hypothesisId":"Z_main_entry","location":"PracticalTrainingApplication:main","sessionId":"377d1b","runId":"run_main_pre","message":"main_entered","timestamp":1775142251732}
{"data":{"argCount":0},"hypothesisId":"Z_main_entry","location":"PracticalTrainingApplication:main","sessionId":"377d1b","runId":"run_main_pre","message":"main_entered","timestamp":1775142252043}
{"data":{"activeProfiles":"","contextId":"Practical_training","datasourceUrl":"jdbc:mysql://localhost:3306/game?useSSL=false&allowPublicKeyRetrieval=true&serverTimezone=UTC&characterEncoding=utf8"},"hypothesisId":"H1_started_event","location":"StartupLifecycleLogger:onStarted","sessionId":"377d1b","runId":"run_startup","message":"application_started_event","timestamp":1775142254333}
{"data":{"flywayEnabled":"true","serverPort":"8080"},"hypothesisId":"E_other_startup","location":"StartupInstrumentationListener:onApplicationReady","sessionId":"377d1b","runId":"pre-debug","message":"application_ready","timestamp":1775142254335}
{"data":{"contextId":"Practical_training"},"hypothesisId":"H2_ready_event","location":"StartupLifecycleLogger:onReady","sessionId":"377d1b","runId":"run_startup","message":"application_ready_event","timestamp":1775142254336}
{"data":{"exceptionType":"org.springframework.boot.devtools.restart.SilentExitExceptionHandler$SilentExitException","rootCauseChain":"org.springframework.boot.devtools.restart.SilentExitExceptionHandler$SilentExitException:","exceptionMessage":"org.springframework.boot.devtools.restart.SilentExitExceptionHandler$SilentExitException"},"hypothesisId":"E_other_startup_main_caught","location":"PracticalTrainingApplication:main","sessionId":"377d1b","runId":"run_main_caught","message":"main_caught_exception","timestamp":1775142254338}
{"data":{"contextId":"Practical_training"},"hypothesisId":"H3_context_closed","location":"StartupLifecycleLogger:onClosed","sessionId":"377d1b","runId":"run_startup","message":"context_closed_event","timestamp":1775142880558}
{"data":{"argCount":0},"hypothesisId":"Z_main_entry","location":"PracticalTrainingApplication:main","sessionId":"377d1b","runId":"run_main_pre","message":"main_entered","timestamp":1775142883002}
{"data":{"argCount":0},"hypothesisId":"Z_main_entry","location":"PracticalTrainingApplication:main","sessionId":"377d1b","runId":"run_main_pre","message":"main_entered","timestamp":1775142883311}
{"data":{"activeProfiles":"","contextId":"Practical_training","datasourceUrl":"jdbc:mysql://localhost:3306/game?useSSL=false&allowPublicKeyRetrieval=true&serverTimezone=UTC&characterEncoding=utf8"},"hypothesisId":"H1_started_event","location":"StartupLifecycleLogger:onStarted","sessionId":"377d1b","runId":"run_startup","message":"application_started_event","timestamp":1775142885332}
{"data":{"flywayEnabled":"true","serverPort":"8080"},"hypothesisId":"E_other_startup","location":"StartupInstrumentationListener:onApplicationReady","sessionId":"377d1b","runId":"pre-debug","message":"application_ready","timestamp":1775142885335}
{"data":{"contextId":"Practical_training"},"hypothesisId":"H2_ready_event","location":"StartupLifecycleLogger:onReady","sessionId":"377d1b","runId":"run_startup","message":"application_ready_event","timestamp":1775142885335}
{"data":{"exceptionType":"org.springframework.boot.devtools.restart.SilentExitExceptionHandler$SilentExitException","rootCauseChain":"org.springframework.boot.devtools.restart.SilentExitExceptionHandler$SilentExitException:","exceptionMessage":"org.springframework.boot.devtools.restart.SilentExitExceptionHandler$SilentExitException"},"hypothesisId":"E_other_startup_main_caught","location":"PracticalTrainingApplication:main","sessionId":"377d1b","runId":"run_main_caught","message":"main_caught_exception","timestamp":1775142885337}
{"data":{"contextId":"Practical_training"},"hypothesisId":"H3_context_closed","location":"StartupLifecycleLogger:onClosed","sessionId":"377d1b","runId":"run_startup","message":"context_closed_event","timestamp":1775143284889}
{"data":{"argCount":0},"hypothesisId":"Z_main_entry","location":"PracticalTrainingApplication:main","sessionId":"377d1b","runId":"run_main_pre","message":"main_entered","timestamp":1775143287332}
{"data":{"argCount":0},"hypothesisId":"Z_main_entry","location":"PracticalTrainingApplication:main","sessionId":"377d1b","runId":"run_main_pre","message":"main_entered","timestamp":1775143287608}
{"data":{"activeProfiles":"","contextId":"Practical_training","datasourceUrl":"jdbc:mysql://localhost:3306/game?useSSL=false&allowPublicKeyRetrieval=true&serverTimezone=UTC&characterEncoding=utf8"},"hypothesisId":"H1_started_event","location":"StartupLifecycleLogger:onStarted","sessionId":"377d1b","runId":"run_startup","message":"application_started_event","timestamp":1775143289571}
{"data":{"flywayEnabled":"true","serverPort":"8080"},"hypothesisId":"E_other_startup","location":"StartupInstrumentationListener:onApplicationReady","sessionId":"377d1b","runId":"pre-debug","message":"application_ready","timestamp":1775143289575}
{"data":{"contextId":"Practical_training"},"hypothesisId":"H2_ready_event","location":"StartupLifecycleLogger:onReady","sessionId":"377d1b","runId":"run_startup","message":"application_ready_event","timestamp":1775143289575}
{"data":{"exceptionType":"org.springframework.boot.devtools.restart.SilentExitExceptionHandler$SilentExitException","rootCauseChain":"org.springframework.boot.devtools.restart.SilentExitExceptionHandler$SilentExitException:","exceptionMessage":"org.springframework.boot.devtools.restart.SilentExitExceptionHandler$SilentExitException"},"hypothesisId":"E_other_startup_main_caught","location":"PracticalTrainingApplication:main","sessionId":"377d1b","runId":"run_main_caught","message":"main_caught_exception","timestamp":1775143289578}
{"data":{"contextId":"Practical_training"},"hypothesisId":"H3_context_closed","location":"StartupLifecycleLogger:onClosed","sessionId":"377d1b","runId":"run_startup","message":"context_closed_event","timestamp":1775143663372}
{"data":{"argCount":0},"hypothesisId":"Z_main_entry","location":"PracticalTrainingApplication:main","sessionId":"377d1b","runId":"run_main_pre","message":"main_entered","timestamp":1775719674417}
{"data":{"argCount":0},"hypothesisId":"Z_main_entry","location":"PracticalTrainingApplication:main","sessionId":"377d1b","runId":"run_main_pre","message":"main_entered","timestamp":1775719674657}
{"data":{"activeProfiles":"","contextId":"Practical_training","datasourceUrl":"jdbc:mysql://localhost:3306/game?useSSL=false&allowPublicKeyRetrieval=true&serverTimezone=UTC&characterEncoding=utf8"},"hypothesisId":"H1_started_event","location":"StartupLifecycleLogger:onStarted","sessionId":"377d1b","runId":"run_startup","message":"application_started_event","timestamp":1775719677028}
{"data":{"flywayEnabled":"true","serverPort":"8080"},"hypothesisId":"E_other_startup","location":"StartupInstrumentationListener:onApplicationReady","sessionId":"377d1b","runId":"pre-debug","message":"application_ready","timestamp":1775719677031}
{"data":{"contextId":"Practical_training"},"hypothesisId":"H2_ready_event","location":"StartupLifecycleLogger:onReady","sessionId":"377d1b","runId":"run_startup","message":"application_ready_event","timestamp":1775719677032}
{"data":{"exceptionType":"org.springframework.boot.devtools.restart.SilentExitExceptionHandler$SilentExitException","rootCauseChain":"org.springframework.boot.devtools.restart.SilentExitExceptionHandler$SilentExitException:","exceptionMessage":"org.springframework.boot.devtools.restart.SilentExitExceptionHandler$SilentExitException"},"hypothesisId":"E_other_startup_main_caught","location":"PracticalTrainingApplication:main","sessionId":"377d1b","runId":"run_main_caught","message":"main_caught_exception","timestamp":1775719677037}
{"data":{"contextId":"Practical_training"},"hypothesisId":"H3_context_closed","location":"StartupLifecycleLogger:onClosed","sessionId":"377d1b","runId":"run_startup","message":"context_closed_event","timestamp":1775720104054}
{"data":{"argCount":0},"hypothesisId":"Z_main_entry","location":"PracticalTrainingApplication:main","sessionId":"377d1b","runId":"run_main_pre","message":"main_entered","timestamp":1775720244381}
{"data":{"argCount":0},"hypothesisId":"Z_main_entry","location":"PracticalTrainingApplication:main","sessionId":"377d1b","runId":"run_main_pre","message":"main_entered","timestamp":1775720244661}
{"data":{"activeProfiles":"","contextId":"Practical_training","datasourceUrl":"jdbc:mysql://localhost:3306/game?useSSL=false&allowPublicKeyRetrieval=true&serverTimezone=UTC&characterEncoding=utf8"},"hypothesisId":"H1_started_event","location":"StartupLifecycleLogger:onStarted","sessionId":"377d1b","runId":"run_startup","message":"application_started_event","timestamp":1775720246689}
{"data":{"flywayEnabled":"true","serverPort":"8080"},"hypothesisId":"E_other_startup","location":"StartupInstrumentationListener:onApplicationReady","sessionId":"377d1b","runId":"pre-debug","message":"application_ready","timestamp":1775720246692}
{"data":{"contextId":"Practical_training"},"hypothesisId":"H2_ready_event","location":"StartupLifecycleLogger:onReady","sessionId":"377d1b","runId":"run_startup","message":"application_ready_event","timestamp":1775720246692}
{"data":{"exceptionType":"org.springframework.boot.devtools.restart.SilentExitExceptionHandler$SilentExitException","rootCauseChain":"org.springframework.boot.devtools.restart.SilentExitExceptionHandler$SilentExitException:","exceptionMessage":"org.springframework.boot.devtools.restart.SilentExitExceptionHandler$SilentExitException"},"hypothesisId":"E_other_startup_main_caught","location":"PracticalTrainingApplication:main","sessionId":"377d1b","runId":"run_main_caught","message":"main_caught_exception","timestamp":1775720246693}
{"data":{"contextId":"Practical_training"},"hypothesisId":"H3_context_closed","location":"StartupLifecycleLogger:onClosed","sessionId":"377d1b","runId":"run_startup","message":"context_closed_event","timestamp":1775720579267}
{"data":{"argCount":0},"hypothesisId":"Z_main_entry","location":"PracticalTrainingApplication:main","sessionId":"377d1b","runId":"run_main_pre","message":"main_entered","timestamp":1775720995580}
{"data":{"argCount":0},"hypothesisId":"Z_main_entry","location":"PracticalTrainingApplication:main","sessionId":"377d1b","runId":"run_main_pre","message":"main_entered","timestamp":1775720995760}
{"data":{"activeProfiles":"","contextId":"Practical_training","datasourceUrl":"jdbc:mysql://localhost:3306/game?useSSL=false&allowPublicKeyRetrieval=true&serverTimezone=UTC&characterEncoding=utf8"},"hypothesisId":"H1_started_event","location":"StartupLifecycleLogger:onStarted","sessionId":"377d1b","runId":"run_startup","message":"application_started_event","timestamp":1775720997768}
{"data":{"flywayEnabled":"true","serverPort":"8080"},"hypothesisId":"E_other_startup","location":"StartupInstrumentationListener:onApplicationReady","sessionId":"377d1b","runId":"pre-debug","message":"application_ready","timestamp":1775720997771}
{"data":{"contextId":"Practical_training"},"hypothesisId":"H2_ready_event","location":"StartupLifecycleLogger:onReady","sessionId":"377d1b","runId":"run_startup","message":"application_ready_event","timestamp":1775720997771}
{"data":{"exceptionType":"org.springframework.boot.devtools.restart.SilentExitExceptionHandler$SilentExitException","rootCauseChain":"org.springframework.boot.devtools.restart.SilentExitExceptionHandler$SilentExitException:","exceptionMessage":"org.springframework.boot.devtools.restart.SilentExitExceptionHandler$SilentExitException"},"hypothesisId":"E_other_startup_main_caught","location":"PracticalTrainingApplication:main","sessionId":"377d1b","runId":"run_main_caught","message":"main_caught_exception","timestamp":1775720997773}
{"data":{"contextId":"Practical_training"},"hypothesisId":"H3_context_closed","location":"StartupLifecycleLogger:onClosed","sessionId":"377d1b","runId":"run_startup","message":"context_closed_event","timestamp":1775721026096}
{"data":{"argCount":0},"hypothesisId":"Z_main_entry","location":"PracticalTrainingApplication:main","sessionId":"377d1b","runId":"run_main_pre","message":"main_entered","timestamp":1775722821171}
{"data":{"argCount":0},"hypothesisId":"Z_main_entry","location":"PracticalTrainingApplication:main","sessionId":"377d1b","runId":"run_main_pre","message":"main_entered","timestamp":1775722821395}
{"data":{"activeProfiles":"","contextId":"Practical_training","datasourceUrl":"jdbc:mysql://localhost:3306/game?useSSL=false&allowPublicKeyRetrieval=true&serverTimezone=UTC&characterEncoding=utf8"},"hypothesisId":"H1_started_event","location":"StartupLifecycleLogger:onStarted","sessionId":"377d1b","runId":"run_startup","message":"application_started_event","timestamp":1775722823672}
{"data":{"flywayEnabled":"true","serverPort":"8080"},"hypothesisId":"E_other_startup","location":"StartupInstrumentationListener:onApplicationReady","sessionId":"377d1b","runId":"pre-debug","message":"application_ready","timestamp":1775722823675}
{"data":{"contextId":"Practical_training"},"hypothesisId":"H2_ready_event","location":"StartupLifecycleLogger:onReady","sessionId":"377d1b","runId":"run_startup","message":"application_ready_event","timestamp":1775722823676}
{"data":{"exceptionType":"org.springframework.boot.devtools.restart.SilentExitExceptionHandler$SilentExitException","rootCauseChain":"org.springframework.boot.devtools.restart.SilentExitExceptionHandler$SilentExitException:","exceptionMessage":"org.springframework.boot.devtools.restart.SilentExitExceptionHandler$SilentExitException"},"hypothesisId":"E_other_startup_main_caught","location":"PracticalTrainingApplication:main","sessionId":"377d1b","runId":"run_main_caught","message":"main_caught_exception","timestamp":1775722823678}
{"data":{"contextId":"Practical_training"},"hypothesisId":"H3_context_closed","location":"StartupLifecycleLogger:onClosed","sessionId":"377d1b","runId":"run_startup","message":"context_closed_event","timestamp":1775723168599}
{"data":{"argCount":0},"hypothesisId":"Z_main_entry","location":"PracticalTrainingApplication:main","sessionId":"377d1b","runId":"run_main_pre","message":"main_entered","timestamp":1775723170425}
{"data":{"argCount":0},"hypothesisId":"Z_main_entry","location":"PracticalTrainingApplication:main","sessionId":"377d1b","runId":"run_main_pre","message":"main_entered","timestamp":1775723170617}
{"data":{"activeProfiles":"","contextId":"Practical_training","datasourceUrl":"jdbc:mysql://localhost:3306/game?useSSL=false&allowPublicKeyRetrieval=true&serverTimezone=UTC&characterEncoding=utf8"},"hypothesisId":"H1_started_event","location":"StartupLifecycleLogger:onStarted","sessionId":"377d1b","runId":"run_startup","message":"application_started_event","timestamp":1775723172592}
{"data":{"flywayEnabled":"true","serverPort":"8080"},"hypothesisId":"E_other_startup","location":"StartupInstrumentationListener:onApplicationReady","sessionId":"377d1b","runId":"pre-debug","message":"application_ready","timestamp":1775723172594}
{"data":{"contextId":"Practical_training"},"hypothesisId":"H2_ready_event","location":"StartupLifecycleLogger:onReady","sessionId":"377d1b","runId":"run_startup","message":"application_ready_event","timestamp":1775723172594}
{"data":{"exceptionType":"org.springframework.boot.devtools.restart.SilentExitExceptionHandler$SilentExitException","rootCauseChain":"org.springframework.boot.devtools.restart.SilentExitExceptionHandler$SilentExitException:","exceptionMessage":"org.springframework.boot.devtools.restart.SilentExitExceptionHandler$SilentExitException"},"hypothesisId":"E_other_startup_main_caught","location":"PracticalTrainingApplication:main","sessionId":"377d1b","runId":"run_main_caught","message":"main_caught_exception","timestamp":1775723172596}
{"data":{"contextId":"Practical_training"},"hypothesisId":"H3_context_closed","location":"StartupLifecycleLogger:onClosed","sessionId":"377d1b","runId":"run_startup","message":"context_closed_event","timestamp":1775723307060}
{"data":{"argCount":0},"hypothesisId":"Z_main_entry","location":"PracticalTrainingApplication:main","sessionId":"377d1b","runId":"run_main_pre","message":"main_entered","timestamp":1775723309274}
{"data":{"argCount":0},"hypothesisId":"Z_main_entry","location":"PracticalTrainingApplication:main","sessionId":"377d1b","runId":"run_main_pre","message":"main_entered","timestamp":1775723309505}
{"data":{"activeProfiles":"","contextId":"Practical_training","datasourceUrl":"jdbc:mysql://localhost:3306/game?useSSL=false&allowPublicKeyRetrieval=true&serverTimezone=UTC&characterEncoding=utf8"},"hypothesisId":"H1_started_event","location":"StartupLifecycleLogger:onStarted","sessionId":"377d1b","runId":"run_startup","message":"application_started_event","timestamp":1775723312039}
{"data":{"flywayEnabled":"true","serverPort":"8080"},"hypothesisId":"E_other_startup","location":"StartupInstrumentationListener:onApplicationReady","sessionId":"377d1b","runId":"pre-debug","message":"application_ready","timestamp":1775723312044}
{"data":{"contextId":"Practical_training"},"hypothesisId":"H2_ready_event","location":"StartupLifecycleLogger:onReady","sessionId":"377d1b","runId":"run_startup","message":"application_ready_event","timestamp":1775723312045}
{"data":{"exceptionType":"org.springframework.boot.devtools.restart.SilentExitExceptionHandler$SilentExitException","rootCauseChain":"org.springframework.boot.devtools.restart.SilentExitExceptionHandler$SilentExitException:","exceptionMessage":"org.springframework.boot.devtools.restart.SilentExitExceptionHandler$SilentExitException"},"hypothesisId":"E_other_startup_main_caught","location":"PracticalTrainingApplication:main","sessionId":"377d1b","runId":"run_main_caught","message":"main_caught_exception","timestamp":1775723312048}
{"data":{"contextId":"Practical_training"},"hypothesisId":"H3_context_closed","location":"StartupLifecycleLogger:onClosed","sessionId":"377d1b","runId":"run_startup","message":"context_closed_event","timestamp":1775723454078}
{"data":{"argCount":0},"hypothesisId":"Z_main_entry","location":"PracticalTrainingApplication:main","sessionId":"377d1b","runId":"run_main_pre","message":"main_entered","timestamp":1775723455936}
{"data":{"argCount":0},"hypothesisId":"Z_main_entry","location":"PracticalTrainingApplication:main","sessionId":"377d1b","runId":"run_main_pre","message":"main_entered","timestamp":1775723456118}
{"data":{"activeProfiles":"","contextId":"Practical_training","datasourceUrl":"jdbc:mysql://localhost:3306/game?useSSL=false&allowPublicKeyRetrieval=true&serverTimezone=UTC&characterEncoding=utf8"},"hypothesisId":"H1_started_event","location":"StartupLifecycleLogger:onStarted","sessionId":"377d1b","runId":"run_startup","message":"application_started_event","timestamp":1775723458059}
{"data":{"flywayEnabled":"true","serverPort":"8080"},"hypothesisId":"E_other_startup","location":"StartupInstrumentationListener:onApplicationReady","sessionId":"377d1b","runId":"pre-debug","message":"application_ready","timestamp":1775723458061}
{"data":{"contextId":"Practical_training"},"hypothesisId":"H2_ready_event","location":"StartupLifecycleLogger:onReady","sessionId":"377d1b","runId":"run_startup","message":"application_ready_event","timestamp":1775723458061}
{"data":{"exceptionType":"org.springframework.boot.devtools.restart.SilentExitExceptionHandler$SilentExitException","rootCauseChain":"org.springframework.boot.devtools.restart.SilentExitExceptionHandler$SilentExitException:","exceptionMessage":"org.springframework.boot.devtools.restart.SilentExitExceptionHandler$SilentExitException"},"hypothesisId":"E_other_startup_main_caught","location":"PracticalTrainingApplication:main","sessionId":"377d1b","runId":"run_main_caught","message":"main_caught_exception","timestamp":1775723458063}
{"data":{"contextId":"Practical_training"},"hypothesisId":"H3_context_closed","location":"StartupLifecycleLogger:onClosed","sessionId":"377d1b","runId":"run_startup","message":"context_closed_event","timestamp":1775723734114}
{"data":{"argCount":0},"hypothesisId":"Z_main_entry","location":"PracticalTrainingApplication:main","sessionId":"377d1b","runId":"run_main_pre","message":"main_entered","timestamp":1775723736359}
{"data":{"argCount":0},"hypothesisId":"Z_main_entry","location":"PracticalTrainingApplication:main","sessionId":"377d1b","runId":"run_main_pre","message":"main_entered","timestamp":1775723736541}
{"data":{"activeProfiles":"","contextId":"Practical_training","datasourceUrl":"jdbc:mysql://localhost:3306/game?useSSL=false&allowPublicKeyRetrieval=true&serverTimezone=UTC&characterEncoding=utf8"},"hypothesisId":"H1_started_event","location":"StartupLifecycleLogger:onStarted","sessionId":"377d1b","runId":"run_startup","message":"application_started_event","timestamp":1775723738422}
{"data":{"flywayEnabled":"true","serverPort":"8080"},"hypothesisId":"E_other_startup","location":"StartupInstrumentationListener:onApplicationReady","sessionId":"377d1b","runId":"pre-debug","message":"application_ready","timestamp":1775723738426}
{"data":{"contextId":"Practical_training"},"hypothesisId":"H2_ready_event","location":"StartupLifecycleLogger:onReady","sessionId":"377d1b","runId":"run_startup","message":"application_ready_event","timestamp":1775723738426}
{"data":{"exceptionType":"org.springframework.boot.devtools.restart.SilentExitExceptionHandler$SilentExitException","rootCauseChain":"org.springframework.boot.devtools.restart.SilentExitExceptionHandler$SilentExitException:","exceptionMessage":"org.springframework.boot.devtools.restart.SilentExitExceptionHandler$SilentExitException"},"hypothesisId":"E_other_startup_main_caught","location":"PracticalTrainingApplication:main","sessionId":"377d1b","runId":"run_main_caught","message":"main_caught_exception","timestamp":1775723738428}
{"data":{"contextId":"Practical_training"},"hypothesisId":"H3_context_closed","location":"StartupLifecycleLogger:onClosed","sessionId":"377d1b","runId":"run_startup","message":"context_closed_event","timestamp":1775724013603}
{"data":{"argCount":0},"hypothesisId":"Z_main_entry","location":"PracticalTrainingApplication:main","sessionId":"377d1b","runId":"run_main_pre","message":"main_entered","timestamp":1775724016396}
{"data":{"argCount":0},"hypothesisId":"Z_main_entry","location":"PracticalTrainingApplication:main","sessionId":"377d1b","runId":"run_main_pre","message":"main_entered","timestamp":1775724016657}
{"data":{"activeProfiles":"","contextId":"Practical_training","datasourceUrl":"jdbc:mysql://localhost:3306/game?useSSL=false&allowPublicKeyRetrieval=true&serverTimezone=UTC&characterEncoding=utf8"},"hypothesisId":"H1_started_event","location":"StartupLifecycleLogger:onStarted","sessionId":"377d1b","runId":"run_startup","message":"application_started_event","timestamp":1775724019352}
{"data":{"flywayEnabled":"true","serverPort":"8080"},"hypothesisId":"E_other_startup","location":"StartupInstrumentationListener:onApplicationReady","sessionId":"377d1b","runId":"pre-debug","message":"application_ready","timestamp":1775724019357}
{"data":{"contextId":"Practical_training"},"hypothesisId":"H2_ready_event","location":"StartupLifecycleLogger:onReady","sessionId":"377d1b","runId":"run_startup","message":"application_ready_event","timestamp":1775724019357}
{"data":{"exceptionType":"org.springframework.boot.devtools.restart.SilentExitExceptionHandler$SilentExitException","rootCauseChain":"org.springframework.boot.devtools.restart.SilentExitExceptionHandler$SilentExitException:","exceptionMessage":"org.springframework.boot.devtools.restart.SilentExitExceptionHandler$SilentExitException"},"hypothesisId":"E_other_startup_main_caught","location":"PracticalTrainingApplication:main","sessionId":"377d1b","runId":"run_main_caught","message":"main_caught_exception","timestamp":1775724019360}
{"data":{"contextId":"Practical_training"},"hypothesisId":"H3_context_closed","location":"StartupLifecycleLogger:onClosed","sessionId":"377d1b","runId":"run_startup","message":"context_closed_event","timestamp":1775724217200}
{"data":{"argCount":0},"hypothesisId":"Z_main_entry","location":"PracticalTrainingApplication:main","sessionId":"377d1b","runId":"run_main_pre","message":"main_entered","timestamp":1775724219122}
{"data":{"argCount":0},"hypothesisId":"Z_main_entry","location":"PracticalTrainingApplication:main","sessionId":"377d1b","runId":"run_main_pre","message":"main_entered","timestamp":1775724219302}
{"data":{"activeProfiles":"","contextId":"Practical_training","datasourceUrl":"jdbc:mysql://localhost:3306/game?useSSL=false&allowPublicKeyRetrieval=true&serverTimezone=UTC&characterEncoding=utf8"},"hypothesisId":"H1_started_event","location":"StartupLifecycleLogger:onStarted","sessionId":"377d1b","runId":"run_startup","message":"application_started_event","timestamp":1775724221334}
{"data":{"flywayEnabled":"true","serverPort":"8080"},"hypothesisId":"E_other_startup","location":"StartupInstrumentationListener:onApplicationReady","sessionId":"377d1b","runId":"pre-debug","message":"application_ready","timestamp":1775724221337}
{"data":{"contextId":"Practical_training"},"hypothesisId":"H2_ready_event","location":"StartupLifecycleLogger:onReady","sessionId":"377d1b","runId":"run_startup","message":"application_ready_event","timestamp":1775724221337}
{"data":{"exceptionType":"org.springframework.boot.devtools.restart.SilentExitExceptionHandler$SilentExitException","rootCauseChain":"org.springframework.boot.devtools.restart.SilentExitExceptionHandler$SilentExitException:","exceptionMessage":"org.springframework.boot.devtools.restart.SilentExitExceptionHandler$SilentExitException"},"hypothesisId":"E_other_startup_main_caught","location":"PracticalTrainingApplication:main","sessionId":"377d1b","runId":"run_main_caught","message":"main_caught_exception","timestamp":1775724221341}
{"data":{"contextId":"Practical_training"},"hypothesisId":"H3_context_closed","location":"StartupLifecycleLogger:onClosed","sessionId":"377d1b","runId":"run_startup","message":"context_closed_event","timestamp":1775724241096}
{"data":{"argCount":0},"hypothesisId":"Z_main_entry","location":"PracticalTrainingApplication:main","sessionId":"377d1b","runId":"run_main_pre","message":"main_entered","timestamp":1775724248732}
{"data":{"argCount":0},"hypothesisId":"Z_main_entry","location":"PracticalTrainingApplication:main","sessionId":"377d1b","runId":"run_main_pre","message":"main_entered","timestamp":1775724248912}
{"data":{"activeProfiles":"","contextId":"Practical_training","datasourceUrl":"jdbc:mysql://localhost:3306/game?useSSL=false&allowPublicKeyRetrieval=true&serverTimezone=UTC&characterEncoding=utf8"},"hypothesisId":"H1_started_event","location":"StartupLifecycleLogger:onStarted","sessionId":"377d1b","runId":"run_startup","message":"application_started_event","timestamp":1775724250784}
{"data":{"flywayEnabled":"true","serverPort":"8080"},"hypothesisId":"E_other_startup","location":"StartupInstrumentationListener:onApplicationReady","sessionId":"377d1b","runId":"pre-debug","message":"application_ready","timestamp":1775724250786}
{"data":{"contextId":"Practical_training"},"hypothesisId":"H2_ready_event","location":"StartupLifecycleLogger:onReady","sessionId":"377d1b","runId":"run_startup","message":"application_ready_event","timestamp":1775724250787}
{"data":{"exceptionType":"org.springframework.boot.devtools.restart.SilentExitExceptionHandler$SilentExitException","rootCauseChain":"org.springframework.boot.devtools.restart.SilentExitExceptionHandler$SilentExitException:","exceptionMessage":"org.springframework.boot.devtools.restart.SilentExitExceptionHandler$SilentExitException"},"hypothesisId":"E_other_startup_main_caught","location":"PracticalTrainingApplication:main","sessionId":"377d1b","runId":"run_main_caught","message":"main_caught_exception","timestamp":1775724250789}
{"data":{"contextId":"Practical_training"},"hypothesisId":"H3_context_closed","location":"StartupLifecycleLogger:onClosed","sessionId":"377d1b","runId":"run_startup","message":"context_closed_event","timestamp":1775724409728}
{"data":{"argCount":0},"hypothesisId":"Z_main_entry","location":"PracticalTrainingApplication:main","sessionId":"377d1b","runId":"run_main_pre","message":"main_entered","timestamp":1775725562771}
{"data":{"argCount":0},"hypothesisId":"Z_main_entry","location":"PracticalTrainingApplication:main","sessionId":"377d1b","runId":"run_main_pre","message":"main_entered","timestamp":1775725562950}
{"data":{"activeProfiles":"","contextId":"Practical_training","datasourceUrl":"jdbc:mysql://localhost:3306/game?useSSL=false&allowPublicKeyRetrieval=true&serverTimezone=UTC&characterEncoding=utf8"},"hypothesisId":"H1_started_event","location":"StartupLifecycleLogger:onStarted","sessionId":"377d1b","runId":"run_startup","message":"application_started_event","timestamp":1775725564964}
{"data":{"flywayEnabled":"true","serverPort":"8080"},"hypothesisId":"E_other_startup","location":"StartupInstrumentationListener:onApplicationReady","sessionId":"377d1b","runId":"pre-debug","message":"application_ready","timestamp":1775725564966}
{"data":{"contextId":"Practical_training"},"hypothesisId":"H2_ready_event","location":"StartupLifecycleLogger:onReady","sessionId":"377d1b","runId":"run_startup","message":"application_ready_event","timestamp":1775725564967}
{"data":{"exceptionType":"org.springframework.boot.devtools.restart.SilentExitExceptionHandler$SilentExitException","rootCauseChain":"org.springframework.boot.devtools.restart.SilentExitExceptionHandler$SilentExitException:","exceptionMessage":"org.springframework.boot.devtools.restart.SilentExitExceptionHandler$SilentExitException"},"hypothesisId":"E_other_startup_main_caught","location":"PracticalTrainingApplication:main","sessionId":"377d1b","runId":"run_main_caught","message":"main_caught_exception","timestamp":1775725564968}
{"data":{"contextId":"Practical_training"},"hypothesisId":"H3_context_closed","location":"StartupLifecycleLogger:onClosed","sessionId":"377d1b","runId":"run_startup","message":"context_closed_event","timestamp":1775726658375}
{"data":{"argCount":0},"hypothesisId":"Z_main_entry","location":"PracticalTrainingApplication:main","sessionId":"377d1b","runId":"run_main_pre","message":"main_entered","timestamp":1775726660579}
{"data":{"argCount":0},"hypothesisId":"Z_main_entry","location":"PracticalTrainingApplication:main","sessionId":"377d1b","runId":"run_main_pre","message":"main_entered","timestamp":1775726660778}
{"data":{"activeProfiles":"","contextId":"Practical_training","datasourceUrl":"jdbc:mysql://localhost:3306/game?useSSL=false&allowPublicKeyRetrieval=true&serverTimezone=UTC&characterEncoding=utf8"},"hypothesisId":"H1_started_event","location":"StartupLifecycleLogger:onStarted","sessionId":"377d1b","runId":"run_startup","message":"application_started_event","timestamp":1775726662794}
{"data":{"flywayEnabled":"true","serverPort":"8080"},"hypothesisId":"E_other_startup","location":"StartupInstrumentationListener:onApplicationReady","sessionId":"377d1b","runId":"pre-debug","message":"application_ready","timestamp":1775726662796}
{"data":{"contextId":"Practical_training"},"hypothesisId":"H2_ready_event","location":"StartupLifecycleLogger:onReady","sessionId":"377d1b","runId":"run_startup","message":"application_ready_event","timestamp":1775726662797}
{"data":{"exceptionType":"org.springframework.boot.devtools.restart.SilentExitExceptionHandler$SilentExitException","rootCauseChain":"org.springframework.boot.devtools.restart.SilentExitExceptionHandler$SilentExitException:","exceptionMessage":"org.springframework.boot.devtools.restart.SilentExitExceptionHandler$SilentExitException"},"hypothesisId":"E_other_startup_main_caught","location":"PracticalTrainingApplication:main","sessionId":"377d1b","runId":"run_main_caught","message":"main_caught_exception","timestamp":1775726662798}
{"data":{"contextId":"Practical_training"},"hypothesisId":"H3_context_closed","location":"StartupLifecycleLogger:onClosed","sessionId":"377d1b","runId":"run_startup","message":"context_closed_event","timestamp":1775727021387}
{"data":{"argCount":0},"hypothesisId":"Z_main_entry","location":"PracticalTrainingApplication:main","sessionId":"377d1b","runId":"run_main_pre","message":"main_entered","timestamp":1775727023278}
{"data":{"argCount":0},"hypothesisId":"Z_main_entry","location":"PracticalTrainingApplication:main","sessionId":"377d1b","runId":"run_main_pre","message":"main_entered","timestamp":1775727023460}
{"data":{"activeProfiles":"","contextId":"Practical_training","datasourceUrl":"jdbc:mysql://localhost:3306/game?useSSL=false&allowPublicKeyRetrieval=true&serverTimezone=UTC&characterEncoding=utf8"},"hypothesisId":"H1_started_event","location":"StartupLifecycleLogger:onStarted","sessionId":"377d1b","runId":"run_startup","message":"application_started_event","timestamp":1775727025458}
{"data":{"flywayEnabled":"true","serverPort":"8080"},"hypothesisId":"E_other_startup","location":"StartupInstrumentationListener:onApplicationReady","sessionId":"377d1b","runId":"pre-debug","message":"application_ready","timestamp":1775727025461}
{"data":{"contextId":"Practical_training"},"hypothesisId":"H2_ready_event","location":"StartupLifecycleLogger:onReady","sessionId":"377d1b","runId":"run_startup","message":"application_ready_event","timestamp":1775727025463}
{"data":{"exceptionType":"org.springframework.boot.devtools.restart.SilentExitExceptionHandler$SilentExitException","rootCauseChain":"org.springframework.boot.devtools.restart.SilentExitExceptionHandler$SilentExitException:","exceptionMessage":"org.springframework.boot.devtools.restart.SilentExitExceptionHandler$SilentExitException"},"hypothesisId":"E_other_startup_main_caught","location":"PracticalTrainingApplication:main","sessionId":"377d1b","runId":"run_main_caught","message":"main_caught_exception","timestamp":1775727025466}
{"data":{"contextId":"Practical_training"},"hypothesisId":"H3_context_closed","location":"StartupLifecycleLogger:onClosed","sessionId":"377d1b","runId":"run_startup","message":"context_closed_event","timestamp":1775727381144}
{"data":{"argCount":0},"hypothesisId":"Z_main_entry","location":"PracticalTrainingApplication:main","sessionId":"377d1b","runId":"run_main_pre","message":"main_entered","timestamp":1775727382974}
{"data":{"argCount":0},"hypothesisId":"Z_main_entry","location":"PracticalTrainingApplication:main","sessionId":"377d1b","runId":"run_main_pre","message":"main_entered","timestamp":1775727383155}
{"data":{"activeProfiles":"","contextId":"Practical_training","datasourceUrl":"jdbc:mysql://localhost:3306/game?useSSL=false&allowPublicKeyRetrieval=true&serverTimezone=UTC&characterEncoding=utf8"},"hypothesisId":"H1_started_event","location":"StartupLifecycleLogger:onStarted","sessionId":"377d1b","runId":"run_startup","message":"application_started_event","timestamp":1775727385053}
{"data":{"flywayEnabled":"true","serverPort":"8080"},"hypothesisId":"E_other_startup","location":"StartupInstrumentationListener:onApplicationReady","sessionId":"377d1b","runId":"pre-debug","message":"application_ready","timestamp":1775727385056}
{"data":{"contextId":"Practical_training"},"hypothesisId":"H2_ready_event","location":"StartupLifecycleLogger:onReady","sessionId":"377d1b","runId":"run_startup","message":"application_ready_event","timestamp":1775727385056}
{"data":{"exceptionType":"org.springframework.boot.devtools.restart.SilentExitExceptionHandler$SilentExitException","rootCauseChain":"org.springframework.boot.devtools.restart.SilentExitExceptionHandler$SilentExitException:","exceptionMessage":"org.springframework.boot.devtools.restart.SilentExitExceptionHandler$SilentExitException"},"hypothesisId":"E_other_startup_main_caught","location":"PracticalTrainingApplication:main","sessionId":"377d1b","runId":"run_main_caught","message":"main_caught_exception","timestamp":1775727385058}
{"data":{"contextId":"Practical_training"},"hypothesisId":"H3_context_closed","location":"StartupLifecycleLogger:onClosed","sessionId":"377d1b","runId":"run_startup","message":"context_closed_event","timestamp":1775727901674}
{"data":{"argCount":0},"hypothesisId":"Z_main_entry","location":"PracticalTrainingApplication:main","sessionId":"377d1b","runId":"run_main_pre","message":"main_entered","timestamp":1775727903580}
{"data":{"argCount":0},"hypothesisId":"Z_main_entry","location":"PracticalTrainingApplication:main","sessionId":"377d1b","runId":"run_main_pre","message":"main_entered","timestamp":1775727903768}
{"data":{"activeProfiles":"","contextId":"Practical_training","datasourceUrl":"jdbc:mysql://localhost:3306/game?useSSL=false&allowPublicKeyRetrieval=true&serverTimezone=UTC&characterEncoding=utf8"},"hypothesisId":"H1_started_event","location":"StartupLifecycleLogger:onStarted","sessionId":"377d1b","runId":"run_startup","message":"application_started_event","timestamp":1775727905736}
{"data":{"flywayEnabled":"true","serverPort":"8080"},"hypothesisId":"E_other_startup","location":"StartupInstrumentationListener:onApplicationReady","sessionId":"377d1b","runId":"pre-debug","message":"application_ready","timestamp":1775727905738}
{"data":{"contextId":"Practical_training"},"hypothesisId":"H2_ready_event","location":"StartupLifecycleLogger:onReady","sessionId":"377d1b","runId":"run_startup","message":"application_ready_event","timestamp":1775727905739}
{"data":{"exceptionType":"org.springframework.boot.devtools.restart.SilentExitExceptionHandler$SilentExitException","rootCauseChain":"org.springframework.boot.devtools.restart.SilentExitExceptionHandler$SilentExitException:","exceptionMessage":"org.springframework.boot.devtools.restart.SilentExitExceptionHandler$SilentExitException"},"hypothesisId":"E_other_startup_main_caught","location":"PracticalTrainingApplication:main","sessionId":"377d1b","runId":"run_main_caught","message":"main_caught_exception","timestamp":1775727905740}
{"data":{"contextId":"Practical_training"},"hypothesisId":"H3_context_closed","location":"StartupLifecycleLogger:onClosed","sessionId":"377d1b","runId":"run_startup","message":"context_closed_event","timestamp":1775728014163}
{"data":{"argCount":0},"hypothesisId":"Z_main_entry","location":"PracticalTrainingApplication:main","sessionId":"377d1b","runId":"run_main_pre","message":"main_entered","timestamp":1775728016029}
{"data":{"argCount":0},"hypothesisId":"Z_main_entry","location":"PracticalTrainingApplication:main","sessionId":"377d1b","runId":"run_main_pre","message":"main_entered","timestamp":1775728016222}
{"data":{"activeProfiles":"","contextId":"Practical_training","datasourceUrl":"jdbc:mysql://localhost:3306/game?useSSL=false&allowPublicKeyRetrieval=true&serverTimezone=UTC&characterEncoding=utf8"},"hypothesisId":"H1_started_event","location":"StartupLifecycleLogger:onStarted","sessionId":"377d1b","runId":"run_startup","message":"application_started_event","timestamp":1775728018298}
{"data":{"flywayEnabled":"true","serverPort":"8080"},"hypothesisId":"E_other_startup","location":"StartupInstrumentationListener:onApplicationReady","sessionId":"377d1b","runId":"pre-debug","message":"application_ready","timestamp":1775728018302}
{"data":{"contextId":"Practical_training"},"hypothesisId":"H2_ready_event","location":"StartupLifecycleLogger:onReady","sessionId":"377d1b","runId":"run_startup","message":"application_ready_event","timestamp":1775728018303}
{"data":{"exceptionType":"org.springframework.boot.devtools.restart.SilentExitExceptionHandler$SilentExitException","rootCauseChain":"org.springframework.boot.devtools.restart.SilentExitExceptionHandler$SilentExitException:","exceptionMessage":"org.springframework.boot.devtools.restart.SilentExitExceptionHandler$SilentExitException"},"hypothesisId":"E_other_startup_main_caught","location":"PracticalTrainingApplication:main","sessionId":"377d1b","runId":"run_main_caught","message":"main_caught_exception","timestamp":1775728018305}
{"data":{"contextId":"Practical_training"},"hypothesisId":"H3_context_closed","location":"StartupLifecycleLogger:onClosed","sessionId":"377d1b","runId":"run_startup","message":"context_closed_event","timestamp":1775728169126}
{"data":{"argCount":0},"hypothesisId":"Z_main_entry","location":"PracticalTrainingApplication:main","sessionId":"377d1b","runId":"run_main_pre","message":"main_entered","timestamp":1775728170918}
{"data":{"argCount":0},"hypothesisId":"Z_main_entry","location":"PracticalTrainingApplication:main","sessionId":"377d1b","runId":"run_main_pre","message":"main_entered","timestamp":1775728171111}
{"data":{"activeProfiles":"","contextId":"Practical_training","datasourceUrl":"jdbc:mysql://localhost:3306/game?useSSL=false&allowPublicKeyRetrieval=true&serverTimezone=UTC&characterEncoding=utf8"},"hypothesisId":"H1_started_event","location":"StartupLifecycleLogger:onStarted","sessionId":"377d1b","runId":"run_startup","message":"application_started_event","timestamp":1775728173148}
{"data":{"flywayEnabled":"true","serverPort":"8080"},"hypothesisId":"E_other_startup","location":"StartupInstrumentationListener:onApplicationReady","sessionId":"377d1b","runId":"pre-debug","message":"application_ready","timestamp":1775728173150}
{"data":{"contextId":"Practical_training"},"hypothesisId":"H2_ready_event","location":"StartupLifecycleLogger:onReady","sessionId":"377d1b","runId":"run_startup","message":"application_ready_event","timestamp":1775728173151}
{"data":{"exceptionType":"org.springframework.boot.devtools.restart.SilentExitExceptionHandler$SilentExitException","rootCauseChain":"org.springframework.boot.devtools.restart.SilentExitExceptionHandler$SilentExitException:","exceptionMessage":"org.springframework.boot.devtools.restart.SilentExitExceptionHandler$SilentExitException"},"hypothesisId":"E_other_startup_main_caught","location":"PracticalTrainingApplication:main","sessionId":"377d1b","runId":"run_main_caught","message":"main_caught_exception","timestamp":1775728173152}
{"data":{"contextId":"Practical_training"},"hypothesisId":"H3_context_closed","location":"StartupLifecycleLogger:onClosed","sessionId":"377d1b","runId":"run_startup","message":"context_closed_event","timestamp":1775728468122}
{"data":{"argCount":0},"hypothesisId":"Z_main_entry","location":"PracticalTrainingApplication:main","sessionId":"377d1b","runId":"run_main_pre","message":"main_entered","timestamp":1775728470702}
{"data":{"argCount":0},"hypothesisId":"Z_main_entry","location":"PracticalTrainingApplication:main","sessionId":"377d1b","runId":"run_main_pre","message":"main_entered","timestamp":1775728470981}
{"data":{"activeProfiles":"","contextId":"Practical_training","datasourceUrl":"jdbc:mysql://localhost:3306/game?useSSL=false&allowPublicKeyRetrieval=true&serverTimezone=UTC&characterEncoding=utf8"},"hypothesisId":"H1_started_event","location":"StartupLifecycleLogger:onStarted","sessionId":"377d1b","runId":"run_startup","message":"application_started_event","timestamp":1775728474068}
{"data":{"flywayEnabled":"true","serverPort":"8080"},"hypothesisId":"E_other_startup","location":"StartupInstrumentationListener:onApplicationReady","sessionId":"377d1b","runId":"pre-debug","message":"application_ready","timestamp":1775728474074}
{"data":{"contextId":"Practical_training"},"hypothesisId":"H2_ready_event","location":"StartupLifecycleLogger:onReady","sessionId":"377d1b","runId":"run_startup","message":"application_ready_event","timestamp":1775728474077}
{"data":{"exceptionType":"org.springframework.boot.devtools.restart.SilentExitExceptionHandler$SilentExitException","rootCauseChain":"org.springframework.boot.devtools.restart.SilentExitExceptionHandler$SilentExitException:","exceptionMessage":"org.springframework.boot.devtools.restart.SilentExitExceptionHandler$SilentExitException"},"hypothesisId":"E_other_startup_main_caught","location":"PracticalTrainingApplication:main","sessionId":"377d1b","runId":"run_main_caught","message":"main_caught_exception","timestamp":1775728474080}
{"data":{"contextId":"Practical_training"},"hypothesisId":"H3_context_closed","location":"StartupLifecycleLogger:onClosed","sessionId":"377d1b","runId":"run_startup","message":"context_closed_event","timestamp":1775728651813}
{"data":{"argCount":0},"hypothesisId":"Z_main_entry","location":"PracticalTrainingApplication:main","sessionId":"377d1b","runId":"run_main_pre","message":"main_entered","timestamp":1775729032473}
{"data":{"argCount":0},"hypothesisId":"Z_main_entry","location":"PracticalTrainingApplication:main","sessionId":"377d1b","runId":"run_main_pre","message":"main_entered","timestamp":1775729032661}
{"data":{"activeProfiles":"","contextId":"Practical_training","datasourceUrl":"jdbc:mysql://localhost:3306/game?useSSL=false&allowPublicKeyRetrieval=true&serverTimezone=UTC&characterEncoding=utf8"},"hypothesisId":"H1_started_event","location":"StartupLifecycleLogger:onStarted","sessionId":"377d1b","runId":"run_startup","message":"application_started_event","timestamp":1775729034697}
{"data":{"flywayEnabled":"true","serverPort":"8080"},"hypothesisId":"E_other_startup","location":"StartupInstrumentationListener:onApplicationReady","sessionId":"377d1b","runId":"pre-debug","message":"application_ready","timestamp":1775729034700}
{"data":{"contextId":"Practical_training"},"hypothesisId":"H2_ready_event","location":"StartupLifecycleLogger:onReady","sessionId":"377d1b","runId":"run_startup","message":"application_ready_event","timestamp":1775729034700}
{"data":{"exceptionType":"org.springframework.boot.devtools.restart.SilentExitExceptionHandler$SilentExitException","rootCauseChain":"org.springframework.boot.devtools.restart.SilentExitExceptionHandler$SilentExitException:","exceptionMessage":"org.springframework.boot.devtools.restart.SilentExitExceptionHandler$SilentExitException"},"hypothesisId":"E_other_startup_main_caught","location":"PracticalTrainingApplication:main","sessionId":"377d1b","runId":"run_main_caught","message":"main_caught_exception","timestamp":1775729034702}
{"data":{"contextId":"Practical_training"},"hypothesisId":"H3_context_closed","location":"StartupLifecycleLogger:onClosed","sessionId":"377d1b","runId":"run_startup","message":"context_closed_event","timestamp":1775729091242}
{"data":{"argCount":0},"hypothesisId":"Z_main_entry","location":"PracticalTrainingApplication:main","sessionId":"377d1b","runId":"run_main_pre","message":"main_entered","timestamp":1775737198118}
{"data":{"argCount":0},"hypothesisId":"Z_main_entry","location":"PracticalTrainingApplication:main","sessionId":"377d1b","runId":"run_main_pre","message":"main_entered","timestamp":1775737198387}
{"data":{"activeProfiles":"","contextId":"Practical_training","datasourceUrl":"jdbc:mysql://localhost:3306/game?useSSL=false&allowPublicKeyRetrieval=true&serverTimezone=UTC&characterEncoding=utf8"},"hypothesisId":"H1_started_event","location":"StartupLifecycleLogger:onStarted","sessionId":"377d1b","runId":"run_startup","message":"application_started_event","timestamp":1775737200749}
{"data":{"flywayEnabled":"true","serverPort":"8080"},"hypothesisId":"E_other_startup","location":"StartupInstrumentationListener:onApplicationReady","sessionId":"377d1b","runId":"pre-debug","message":"application_ready","timestamp":1775737200754}
{"data":{"contextId":"Practical_training"},"hypothesisId":"H2_ready_event","location":"StartupLifecycleLogger:onReady","sessionId":"377d1b","runId":"run_startup","message":"application_ready_event","timestamp":1775737200756}
{"data":{"exceptionType":"org.springframework.boot.devtools.restart.SilentExitExceptionHandler$SilentExitException","rootCauseChain":"org.springframework.boot.devtools.restart.SilentExitExceptionHandler$SilentExitException:","exceptionMessage":"org.springframework.boot.devtools.restart.SilentExitExceptionHandler$SilentExitException"},"hypothesisId":"E_other_startup_main_caught","location":"PracticalTrainingApplication:main","sessionId":"377d1b","runId":"run_main_caught","message":"main_caught_exception","timestamp":1775737200760}
{"data":{"contextId":"Practical_training"},"hypothesisId":"H3_context_closed","location":"StartupLifecycleLogger:onClosed","sessionId":"377d1b","runId":"run_startup","message":"context_closed_event","timestamp":1775737420076}
{"data":{"argCount":0},"hypothesisId":"Z_main_entry","location":"PracticalTrainingApplication:main","sessionId":"377d1b","runId":"run_main_pre","message":"main_entered","timestamp":1775737422123}
{"data":{"argCount":0},"hypothesisId":"Z_main_entry","location":"PracticalTrainingApplication:main","sessionId":"377d1b","runId":"run_main_pre","message":"main_entered","timestamp":1775737422314}
{"data":{"activeProfiles":"","contextId":"Practical_training","datasourceUrl":"jdbc:mysql://localhost:3306/game?useSSL=false&allowPublicKeyRetrieval=true&serverTimezone=UTC&characterEncoding=utf8"},"hypothesisId":"H1_started_event","location":"StartupLifecycleLogger:onStarted","sessionId":"377d1b","runId":"run_startup","message":"application_started_event","timestamp":1775737424265}
{"data":{"flywayEnabled":"true","serverPort":"8080"},"hypothesisId":"E_other_startup","location":"StartupInstrumentationListener:onApplicationReady","sessionId":"377d1b","runId":"pre-debug","message":"application_ready","timestamp":1775737424267}
{"data":{"contextId":"Practical_training"},"hypothesisId":"H2_ready_event","location":"StartupLifecycleLogger:onReady","sessionId":"377d1b","runId":"run_startup","message":"application_ready_event","timestamp":1775737424268}
{"data":{"exceptionType":"org.springframework.boot.devtools.restart.SilentExitExceptionHandler$SilentExitException","rootCauseChain":"org.springframework.boot.devtools.restart.SilentExitExceptionHandler$SilentExitException:","exceptionMessage":"org.springframework.boot.devtools.restart.SilentExitExceptionHandler$SilentExitException"},"hypothesisId":"E_other_startup_main_caught","location":"PracticalTrainingApplication:main","sessionId":"377d1b","runId":"run_main_caught","message":"main_caught_exception","timestamp":1775737424269}
{"data":{"contextId":"Practical_training"},"hypothesisId":"H3_context_closed","location":"StartupLifecycleLogger:onClosed","sessionId":"377d1b","runId":"run_startup","message":"context_closed_event","timestamp":1775737565559}
{"data":{"argCount":0},"hypothesisId":"Z_main_entry","location":"PracticalTrainingApplication:main","sessionId":"377d1b","runId":"run_main_pre","message":"main_entered","timestamp":1775737567399}
{"data":{"argCount":0},"hypothesisId":"Z_main_entry","location":"PracticalTrainingApplication:main","sessionId":"377d1b","runId":"run_main_pre","message":"main_entered","timestamp":1775737567584}
{"data":{"activeProfiles":"","contextId":"Practical_training","datasourceUrl":"jdbc:mysql://localhost:3306/game?useSSL=false&allowPublicKeyRetrieval=true&serverTimezone=UTC&characterEncoding=utf8"},"hypothesisId":"H1_started_event","location":"StartupLifecycleLogger:onStarted","sessionId":"377d1b","runId":"run_startup","message":"application_started_event","timestamp":1775737569503}
{"data":{"flywayEnabled":"true","serverPort":"8080"},"hypothesisId":"E_other_startup","location":"StartupInstrumentationListener:onApplicationReady","sessionId":"377d1b","runId":"pre-debug","message":"application_ready","timestamp":1775737569506}
{"data":{"contextId":"Practical_training"},"hypothesisId":"H2_ready_event","location":"StartupLifecycleLogger:onReady","sessionId":"377d1b","runId":"run_startup","message":"application_ready_event","timestamp":1775737569506}
{"data":{"exceptionType":"org.springframework.boot.devtools.restart.SilentExitExceptionHandler$SilentExitException","rootCauseChain":"org.springframework.boot.devtools.restart.SilentExitExceptionHandler$SilentExitException:","exceptionMessage":"org.springframework.boot.devtools.restart.SilentExitExceptionHandler$SilentExitException"},"hypothesisId":"E_other_startup_main_caught","location":"PracticalTrainingApplication:main","sessionId":"377d1b","runId":"run_main_caught","message":"main_caught_exception","timestamp":1775737569508}
{"data":{"contextId":"Practical_training"},"hypothesisId":"H3_context_closed","location":"StartupLifecycleLogger:onClosed","sessionId":"377d1b","runId":"run_startup","message":"context_closed_event","timestamp":1775737618178}
{"data":{"argCount":0},"hypothesisId":"Z_main_entry","location":"PracticalTrainingApplication:main","sessionId":"377d1b","runId":"run_main_pre","message":"main_entered","timestamp":1775737766560}
{"data":{"argCount":0},"hypothesisId":"Z_main_entry","location":"PracticalTrainingApplication:main","sessionId":"377d1b","runId":"run_main_pre","message":"main_entered","timestamp":1775737766745}
{"data":{"activeProfiles":"","contextId":"Practical_training","datasourceUrl":"jdbc:mysql://localhost:3306/game?useSSL=false&allowPublicKeyRetrieval=true&serverTimezone=UTC&characterEncoding=utf8"},"hypothesisId":"H1_started_event","location":"StartupLifecycleLogger:onStarted","sessionId":"377d1b","runId":"run_startup","message":"application_started_event","timestamp":1775737768705}
{"data":{"flywayEnabled":"true","serverPort":"8080"},"hypothesisId":"E_other_startup","location":"StartupInstrumentationListener:onApplicationReady","sessionId":"377d1b","runId":"pre-debug","message":"application_ready","timestamp":1775737768707}
{"data":{"contextId":"Practical_training"},"hypothesisId":"H2_ready_event","location":"StartupLifecycleLogger:onReady","sessionId":"377d1b","runId":"run_startup","message":"application_ready_event","timestamp":1775737768708}
{"data":{"exceptionType":"org.springframework.boot.devtools.restart.SilentExitExceptionHandler$SilentExitException","rootCauseChain":"org.springframework.boot.devtools.restart.SilentExitExceptionHandler$SilentExitException:","exceptionMessage":"org.springframework.boot.devtools.restart.SilentExitExceptionHandler$SilentExitException"},"hypothesisId":"E_other_startup_main_caught","location":"PracticalTrainingApplication:main","sessionId":"377d1b","runId":"run_main_caught","message":"main_caught_exception","timestamp":1775737768710}
{"data":{"contextId":"Practical_training"},"hypothesisId":"H3_context_closed","location":"StartupLifecycleLogger:onClosed","sessionId":"377d1b","runId":"run_startup","message":"context_closed_event","timestamp":1775738308833}
{"data":{"argCount":0},"hypothesisId":"Z_main_entry","location":"PracticalTrainingApplication:main","sessionId":"377d1b","runId":"run_main_pre","message":"main_entered","timestamp":1775738310741}
{"data":{"argCount":0},"hypothesisId":"Z_main_entry","location":"PracticalTrainingApplication:main","sessionId":"377d1b","runId":"run_main_pre","message":"main_entered","timestamp":1775738310932}
{"data":{"activeProfiles":"","contextId":"Practical_training","datasourceUrl":"jdbc:mysql://localhost:3306/game?useSSL=false&allowPublicKeyRetrieval=true&serverTimezone=UTC&characterEncoding=utf8"},"hypothesisId":"H1_started_event","location":"StartupLifecycleLogger:onStarted","sessionId":"377d1b","runId":"run_startup","message":"application_started_event","timestamp":1775738312915}
{"data":{"flywayEnabled":"true","serverPort":"8080"},"hypothesisId":"E_other_startup","location":"StartupInstrumentationListener:onApplicationReady","sessionId":"377d1b","runId":"pre-debug","message":"application_ready","timestamp":1775738312917}
{"data":{"contextId":"Practical_training"},"hypothesisId":"H2_ready_event","location":"StartupLifecycleLogger:onReady","sessionId":"377d1b","runId":"run_startup","message":"application_ready_event","timestamp":1775738312919}
{"data":{"exceptionType":"org.springframework.boot.devtools.restart.SilentExitExceptionHandler$SilentExitException","rootCauseChain":"org.springframework.boot.devtools.restart.SilentExitExceptionHandler$SilentExitException:","exceptionMessage":"org.springframework.boot.devtools.restart.SilentExitExceptionHandler$SilentExitException"},"hypothesisId":"E_other_startup_main_caught","location":"PracticalTrainingApplication:main","sessionId":"377d1b","runId":"run_main_caught","message":"main_caught_exception","timestamp":1775738312920}
{"data":{"contextId":"Practical_training"},"hypothesisId":"H3_context_closed","location":"StartupLifecycleLogger:onClosed","sessionId":"377d1b","runId":"run_startup","message":"context_closed_event","timestamp":1775738542804}
{"data":{"argCount":0},"hypothesisId":"Z_main_entry","location":"PracticalTrainingApplication:main","sessionId":"377d1b","runId":"run_main_pre","message":"main_entered","timestamp":1775739073877}
{"data":{"argCount":0},"hypothesisId":"Z_main_entry","location":"PracticalTrainingApplication:main","sessionId":"377d1b","runId":"run_main_pre","message":"main_entered","timestamp":1775739074117}
{"data":{"activeProfiles":"","contextId":"Practical_training","datasourceUrl":"jdbc:mysql://localhost:3306/game?useSSL=false&allowPublicKeyRetrieval=true&serverTimezone=UTC&characterEncoding=utf8"},"hypothesisId":"H1_started_event","location":"StartupLifecycleLogger:onStarted","sessionId":"377d1b","runId":"run_startup","message":"application_started_event","timestamp":1775739076519}
{"data":{"flywayEnabled":"true","serverPort":"8080"},"hypothesisId":"E_other_startup","location":"StartupInstrumentationListener:onApplicationReady","sessionId":"377d1b","runId":"pre-debug","message":"application_ready","timestamp":1775739076526}
{"data":{"contextId":"Practical_training"},"hypothesisId":"H2_ready_event","location":"StartupLifecycleLogger:onReady","sessionId":"377d1b","runId":"run_startup","message":"application_ready_event","timestamp":1775739076527}
{"data":{"exceptionType":"org.springframework.boot.devtools.restart.SilentExitExceptionHandler$SilentExitException","rootCauseChain":"org.springframework.boot.devtools.restart.SilentExitExceptionHandler$SilentExitException:","exceptionMessage":"org.springframework.boot.devtools.restart.SilentExitExceptionHandler$SilentExitException"},"hypothesisId":"E_other_startup_main_caught","location":"PracticalTrainingApplication:main","sessionId":"377d1b","runId":"run_main_caught","message":"main_caught_exception","timestamp":1775739076532}
{"data":{"contextId":"Practical_training"},"hypothesisId":"H3_context_closed","location":"StartupLifecycleLogger:onClosed","sessionId":"377d1b","runId":"run_startup","message":"context_closed_event","timestamp":1775739180080}
{"data":{"argCount":0},"hypothesisId":"Z_main_entry","location":"PracticalTrainingApplication:main","sessionId":"377d1b","runId":"run_main_pre","message":"main_entered","timestamp":1775739182064}
{"data":{"argCount":0},"hypothesisId":"Z_main_entry","location":"PracticalTrainingApplication:main","sessionId":"377d1b","runId":"run_main_pre","message":"main_entered","timestamp":1775739182269}
{"data":{"activeProfiles":"","contextId":"Practical_training","datasourceUrl":"jdbc:mysql://localhost:3306/game?useSSL=false&allowPublicKeyRetrieval=true&serverTimezone=UTC&characterEncoding=utf8"},"hypothesisId":"H1_started_event","location":"StartupLifecycleLogger:onStarted","sessionId":"377d1b","runId":"run_startup","message":"application_started_event","timestamp":1775739184331}
{"data":{"flywayEnabled":"true","serverPort":"8080"},"hypothesisId":"E_other_startup","location":"StartupInstrumentationListener:onApplicationReady","sessionId":"377d1b","runId":"pre-debug","message":"application_ready","timestamp":1775739184334}
{"data":{"contextId":"Practical_training"},"hypothesisId":"H2_ready_event","location":"StartupLifecycleLogger:onReady","sessionId":"377d1b","runId":"run_startup","message":"application_ready_event","timestamp":1775739184334}
{"data":{"exceptionType":"org.springframework.boot.devtools.restart.SilentExitExceptionHandler$SilentExitException","rootCauseChain":"org.springframework.boot.devtools.restart.SilentExitExceptionHandler$SilentExitException:","exceptionMessage":"org.springframework.boot.devtools.restart.SilentExitExceptionHandler$SilentExitException"},"hypothesisId":"E_other_startup_main_caught","location":"PracticalTrainingApplication:main","sessionId":"377d1b","runId":"run_main_caught","message":"main_caught_exception","timestamp":1775739184336}
{"data":{"contextId":"Practical_training"},"hypothesisId":"H3_context_closed","location":"StartupLifecycleLogger:onClosed","sessionId":"377d1b","runId":"run_startup","message":"context_closed_event","timestamp":1775739318006}
{"data":{"argCount":0},"hypothesisId":"Z_main_entry","location":"PracticalTrainingApplication:main","sessionId":"377d1b","runId":"run_main_pre","message":"main_entered","timestamp":1775739319922}
{"data":{"argCount":0},"hypothesisId":"Z_main_entry","location":"PracticalTrainingApplication:main","sessionId":"377d1b","runId":"run_main_pre","message":"main_entered","timestamp":1775739320102}
{"data":{"activeProfiles":"","contextId":"Practical_training","datasourceUrl":"jdbc:mysql://localhost:3306/game?useSSL=false&allowPublicKeyRetrieval=true&serverTimezone=UTC&characterEncoding=utf8"},"hypothesisId":"H1_started_event","location":"StartupLifecycleLogger:onStarted","sessionId":"377d1b","runId":"run_startup","message":"application_started_event","timestamp":1775739322311}
{"data":{"flywayEnabled":"true","serverPort":"8080"},"hypothesisId":"E_other_startup","location":"StartupInstrumentationListener:onApplicationReady","sessionId":"377d1b","runId":"pre-debug","message":"application_ready","timestamp":1775739322319}
{"data":{"contextId":"Practical_training"},"hypothesisId":"H2_ready_event","location":"StartupLifecycleLogger:onReady","sessionId":"377d1b","runId":"run_startup","message":"application_ready_event","timestamp":1775739322320}
{"data":{"exceptionType":"org.springframework.boot.devtools.restart.SilentExitExceptionHandler$SilentExitException","rootCauseChain":"org.springframework.boot.devtools.restart.SilentExitExceptionHandler$SilentExitException:","exceptionMessage":"org.springframework.boot.devtools.restart.SilentExitExceptionHandler$SilentExitException"},"hypothesisId":"E_other_startup_main_caught","location":"PracticalTrainingApplication:main","sessionId":"377d1b","runId":"run_main_caught","message":"main_caught_exception","timestamp":1775739322325}
{"data":{"contextId":"Practical_training"},"hypothesisId":"H3_context_closed","location":"StartupLifecycleLogger:onClosed","sessionId":"377d1b","runId":"run_startup","message":"context_closed_event","timestamp":1775739435072}
{"data":{"argCount":0},"hypothesisId":"Z_main_entry","location":"PracticalTrainingApplication:main","sessionId":"377d1b","runId":"run_main_pre","message":"main_entered","timestamp":1775741201996}
{"data":{"argCount":0},"hypothesisId":"Z_main_entry","location":"PracticalTrainingApplication:main","sessionId":"377d1b","runId":"run_main_pre","message":"main_entered","timestamp":1775741202210}
{"data":{"activeProfiles":"","contextId":"Practical_training","datasourceUrl":"jdbc:mysql://localhost:3306/game?useSSL=false&allowPublicKeyRetrieval=true&serverTimezone=UTC&characterEncoding=utf8"},"hypothesisId":"H1_started_event","location":"StartupLifecycleLogger:onStarted","sessionId":"377d1b","runId":"run_startup","message":"application_started_event","timestamp":1775741204321}
{"data":{"flywayEnabled":"true","serverPort":"8080"},"hypothesisId":"E_other_startup","location":"StartupInstrumentationListener:onApplicationReady","sessionId":"377d1b","runId":"pre-debug","message":"application_ready","timestamp":1775741204324}
{"data":{"contextId":"Practical_training"},"hypothesisId":"H2_ready_event","location":"StartupLifecycleLogger:onReady","sessionId":"377d1b","runId":"run_startup","message":"application_ready_event","timestamp":1775741204324}
{"data":{"exceptionType":"org.springframework.boot.devtools.restart.SilentExitExceptionHandler$SilentExitException","rootCauseChain":"org.springframework.boot.devtools.restart.SilentExitExceptionHandler$SilentExitException:","exceptionMessage":"org.springframework.boot.devtools.restart.SilentExitExceptionHandler$SilentExitException"},"hypothesisId":"E_other_startup_main_caught","location":"PracticalTrainingApplication:main","sessionId":"377d1b","runId":"run_main_caught","message":"main_caught_exception","timestamp":1775741204327}
{"data":{"contextId":"Practical_training"},"hypothesisId":"H3_context_closed","location":"StartupLifecycleLogger:onClosed","sessionId":"377d1b","runId":"run_startup","message":"context_closed_event","timestamp":1775741288153}
{"data":{"argCount":0},"hypothesisId":"Z_main_entry","location":"PracticalTrainingApplication:main","sessionId":"377d1b","runId":"run_main_pre","message":"main_entered","timestamp":1775741290043}
{"data":{"argCount":0},"hypothesisId":"Z_main_entry","location":"PracticalTrainingApplication:main","sessionId":"377d1b","runId":"run_main_pre","message":"main_entered","timestamp":1775741290229}
{"data":{"activeProfiles":"","contextId":"Practical_training","datasourceUrl":"jdbc:mysql://localhost:3306/game?useSSL=false&allowPublicKeyRetrieval=true&serverTimezone=UTC&characterEncoding=utf8"},"hypothesisId":"H1_started_event","location":"StartupLifecycleLogger:onStarted","sessionId":"377d1b","runId":"run_startup","message":"application_started_event","timestamp":1775741292173}
{"data":{"flywayEnabled":"true","serverPort":"8080"},"hypothesisId":"E_other_startup","location":"StartupInstrumentationListener:onApplicationReady","sessionId":"377d1b","runId":"pre-debug","message":"application_ready","timestamp":1775741292176}
{"data":{"contextId":"Practical_training"},"hypothesisId":"H2_ready_event","location":"StartupLifecycleLogger:onReady","sessionId":"377d1b","runId":"run_startup","message":"application_ready_event","timestamp":1775741292177}
{"data":{"exceptionType":"org.springframework.boot.devtools.restart.SilentExitExceptionHandler$SilentExitException","rootCauseChain":"org.springframework.boot.devtools.restart.SilentExitExceptionHandler$SilentExitException:","exceptionMessage":"org.springframework.boot.devtools.restart.SilentExitExceptionHandler$SilentExitException"},"hypothesisId":"E_other_startup_main_caught","location":"PracticalTrainingApplication:main","sessionId":"377d1b","runId":"run_main_caught","message":"main_caught_exception","timestamp":1775741292179}
{"data":{"contextId":"Practical_training"},"hypothesisId":"H3_context_closed","location":"StartupLifecycleLogger:onClosed","sessionId":"377d1b","runId":"run_startup","message":"context_closed_event","timestamp":1775741603323}
{"data":{"argCount":0},"hypothesisId":"Z_main_entry","location":"PracticalTrainingApplication:main","sessionId":"377d1b","runId":"run_main_pre","message":"main_entered","timestamp":1775741605100}
{"data":{"argCount":0},"hypothesisId":"Z_main_entry","location":"PracticalTrainingApplication:main","sessionId":"377d1b","runId":"run_main_pre","message":"main_entered","timestamp":1775741605288}
{"data":{"activeProfiles":"","contextId":"Practical_training","datasourceUrl":"jdbc:mysql://localhost:3306/game?useSSL=false&allowPublicKeyRetrieval=true&serverTimezone=UTC&characterEncoding=utf8"},"hypothesisId":"H1_started_event","location":"StartupLifecycleLogger:onStarted","sessionId":"377d1b","runId":"run_startup","message":"application_started_event","timestamp":1775741607175}
{"data":{"flywayEnabled":"true","serverPort":"8080"},"hypothesisId":"E_other_startup","location":"StartupInstrumentationListener:onApplicationReady","sessionId":"377d1b","runId":"pre-debug","message":"application_ready","timestamp":1775741607177}
{"data":{"contextId":"Practical_training"},"hypothesisId":"H2_ready_event","location":"StartupLifecycleLogger:onReady","sessionId":"377d1b","runId":"run_startup","message":"application_ready_event","timestamp":1775741607178}
{"data":{"exceptionType":"org.springframework.boot.devtools.restart.SilentExitExceptionHandler$SilentExitException","rootCauseChain":"org.springframework.boot.devtools.restart.SilentExitExceptionHandler$SilentExitException:","exceptionMessage":"org.springframework.boot.devtools.restart.SilentExitExceptionHandler$SilentExitException"},"hypothesisId":"E_other_startup_main_caught","location":"PracticalTrainingApplication:main","sessionId":"377d1b","runId":"run_main_caught","message":"main_caught_exception","timestamp":1775741607180}
{"data":{"contextId":"Practical_training"},"hypothesisId":"H3_context_closed","location":"StartupLifecycleLogger:onClosed","sessionId":"377d1b","runId":"run_startup","message":"context_closed_event","timestamp":1775741699204}
{"data":{"argCount":0},"hypothesisId":"Z_main_entry","location":"PracticalTrainingApplication:main","sessionId":"377d1b","runId":"run_main_pre","message":"main_entered","timestamp":1775741701410}
{"data":{"argCount":0},"hypothesisId":"Z_main_entry","location":"PracticalTrainingApplication:main","sessionId":"377d1b","runId":"run_main_pre","message":"main_entered","timestamp":1775741701593}
{"data":{"activeProfiles":"","contextId":"Practical_training","datasourceUrl":"jdbc:mysql://localhost:3306/game?useSSL=false&allowPublicKeyRetrieval=true&serverTimezone=UTC&characterEncoding=utf8"},"hypothesisId":"H1_started_event","location":"StartupLifecycleLogger:onStarted","sessionId":"377d1b","runId":"run_startup","message":"application_started_event","timestamp":1775741703496}
{"data":{"flywayEnabled":"true","serverPort":"8080"},"hypothesisId":"E_other_startup","location":"StartupInstrumentationListener:onApplicationReady","sessionId":"377d1b","runId":"pre-debug","message":"application_ready","timestamp":1775741703499}
{"data":{"contextId":"Practical_training"},"hypothesisId":"H2_ready_event","location":"StartupLifecycleLogger:onReady","sessionId":"377d1b","runId":"run_startup","message":"application_ready_event","timestamp":1775741703499}
{"data":{"exceptionType":"org.springframework.boot.devtools.restart.SilentExitExceptionHandler$SilentExitException","rootCauseChain":"org.springframework.boot.devtools.restart.SilentExitExceptionHandler$SilentExitException:","exceptionMessage":"org.springframework.boot.devtools.restart.SilentExitExceptionHandler$SilentExitException"},"hypothesisId":"E_other_startup_main_caught","location":"PracticalTrainingApplication:main","sessionId":"377d1b","runId":"run_main_caught","message":"main_caught_exception","timestamp":1775741703501}
{"data":{"contextId":"Practical_training"},"hypothesisId":"H3_context_closed","location":"StartupLifecycleLogger:onClosed","sessionId":"377d1b","runId":"run_startup","message":"context_closed_event","timestamp":1775741812374}
{"data":{"argCount":0},"hypothesisId":"Z_main_entry","location":"PracticalTrainingApplication:main","sessionId":"377d1b","runId":"run_main_pre","message":"main_entered","timestamp":1775741814132}
{"data":{"argCount":0},"hypothesisId":"Z_main_entry","location":"PracticalTrainingApplication:main","sessionId":"377d1b","runId":"run_main_pre","message":"main_entered","timestamp":1775741814316}
{"data":{"activeProfiles":"","contextId":"Practical_training","datasourceUrl":"jdbc:mysql://localhost:3306/game?useSSL=false&allowPublicKeyRetrieval=true&serverTimezone=UTC&characterEncoding=utf8"},"hypothesisId":"H1_started_event","location":"StartupLifecycleLogger:onStarted","sessionId":"377d1b","runId":"run_startup","message":"application_started_event","timestamp":1775741816380}
{"data":{"flywayEnabled":"true","serverPort":"8080"},"hypothesisId":"E_other_startup","location":"StartupInstrumentationListener:onApplicationReady","sessionId":"377d1b","runId":"pre-debug","message":"application_ready","timestamp":1775741816383}
{"data":{"contextId":"Practical_training"},"hypothesisId":"H2_ready_event","location":"StartupLifecycleLogger:onReady","sessionId":"377d1b","runId":"run_startup","message":"application_ready_event","timestamp":1775741816383}
{"data":{"exceptionType":"org.springframework.boot.devtools.restart.SilentExitExceptionHandler$SilentExitException","rootCauseChain":"org.springframework.boot.devtools.restart.SilentExitExceptionHandler$SilentExitException:","exceptionMessage":"org.springframework.boot.devtools.restart.SilentExitExceptionHandler$SilentExitException"},"hypothesisId":"E_other_startup_main_caught","location":"PracticalTrainingApplication:main","sessionId":"377d1b","runId":"run_main_caught","message":"main_caught_exception","timestamp":1775741816385}
{"data":{"contextId":"Practical_training"},"hypothesisId":"H3_context_closed","location":"StartupLifecycleLogger:onClosed","sessionId":"377d1b","runId":"run_startup","message":"context_closed_event","timestamp":1775741866983}
{"data":{"argCount":0},"hypothesisId":"Z_main_entry","location":"PracticalTrainingApplication:main","sessionId":"377d1b","runId":"run_main_pre","message":"main_entered","timestamp":1775748202006}
{"data":{"argCount":0},"hypothesisId":"Z_main_entry","location":"PracticalTrainingApplication:main","sessionId":"377d1b","runId":"run_main_pre","message":"main_entered","timestamp":1775748202244}
{"data":{"activeProfiles":"","contextId":"Practical_training","datasourceUrl":"jdbc:mysql://localhost:3306/game?useSSL=false&allowPublicKeyRetrieval=true&serverTimezone=UTC&characterEncoding=utf8"},"hypothesisId":"H1_started_event","location":"StartupLifecycleLogger:onStarted","sessionId":"377d1b","runId":"run_startup","message":"application_started_event","timestamp":1775748204486}
{"data":{"flywayEnabled":"true","serverPort":"8080"},"hypothesisId":"E_other_startup","location":"StartupInstrumentationListener:onApplicationReady","sessionId":"377d1b","runId":"pre-debug","message":"application_ready","timestamp":1775748204488}
{"data":{"contextId":"Practical_training"},"hypothesisId":"H2_ready_event","location":"StartupLifecycleLogger:onReady","sessionId":"377d1b","runId":"run_startup","message":"application_ready_event","timestamp":1775748204489}
{"data":{"exceptionType":"org.springframework.boot.devtools.restart.SilentExitExceptionHandler$SilentExitException","rootCauseChain":"org.springframework.boot.devtools.restart.SilentExitExceptionHandler$SilentExitException:","exceptionMessage":"org.springframework.boot.devtools.restart.SilentExitExceptionHandler$SilentExitException"},"hypothesisId":"E_other_startup_main_caught","location":"PracticalTrainingApplication:main","sessionId":"377d1b","runId":"run_main_caught","message":"main_caught_exception","timestamp":1775748204490}
{"data":{"contextId":"Practical_training"},"hypothesisId":"H3_context_closed","location":"StartupLifecycleLogger:onClosed","sessionId":"377d1b","runId":"run_startup","message":"context_closed_event","timestamp":1775748418322}
{"data":{"argCount":0},"hypothesisId":"Z_main_entry","location":"PracticalTrainingApplication:main","sessionId":"377d1b","runId":"run_main_pre","message":"main_entered","timestamp":1775820552003}
{"data":{"argCount":0},"hypothesisId":"Z_main_entry","location":"PracticalTrainingApplication:main","sessionId":"377d1b","runId":"run_main_pre","message":"main_entered","timestamp":1775820552207}
{"data":{"activeProfiles":"","contextId":"Practical_training","datasourceUrl":"jdbc:mysql://localhost:3306/game?useSSL=false&allowPublicKeyRetrieval=true&serverTimezone=UTC&characterEncoding=utf8"},"hypothesisId":"H1_started_event","location":"StartupLifecycleLogger:onStarted","sessionId":"377d1b","runId":"run_startup","message":"application_started_event","timestamp":1775820554372}
{"data":{"flywayEnabled":"true","serverPort":"8080"},"hypothesisId":"E_other_startup","location":"StartupInstrumentationListener:onApplicationReady","sessionId":"377d1b","runId":"pre-debug","message":"application_ready","timestamp":1775820554374}
{"data":{"contextId":"Practical_training"},"hypothesisId":"H2_ready_event","location":"StartupLifecycleLogger:onReady","sessionId":"377d1b","runId":"run_startup","message":"application_ready_event","timestamp":1775820554375}
{"data":{"exceptionType":"org.springframework.boot.devtools.restart.SilentExitExceptionHandler$SilentExitException","rootCauseChain":"org.springframework.boot.devtools.restart.SilentExitExceptionHandler$SilentExitException:","exceptionMessage":"org.springframework.boot.devtools.restart.SilentExitExceptionHandler$SilentExitException"},"hypothesisId":"E_other_startup_main_caught","location":"PracticalTrainingApplication:main","sessionId":"377d1b","runId":"run_main_caught","message":"main_caught_exception","timestamp":1775820554377}
{"data":{"contextId":"Practical_training"},"hypothesisId":"H3_context_closed","location":"StartupLifecycleLogger:onClosed","sessionId":"377d1b","runId":"run_startup","message":"context_closed_event","timestamp":1775820812169}
{"data":{"argCount":0},"hypothesisId":"Z_main_entry","location":"PracticalTrainingApplication:main","sessionId":"377d1b","runId":"run_main_pre","message":"main_entered","timestamp":1775820814514}
{"data":{"argCount":0},"hypothesisId":"Z_main_entry","location":"PracticalTrainingApplication:main","sessionId":"377d1b","runId":"run_main_pre","message":"main_entered","timestamp":1775820814731}
{"data":{"activeProfiles":"","contextId":"Practical_training","datasourceUrl":"jdbc:mysql://localhost:3306/game?useSSL=false&allowPublicKeyRetrieval=true&serverTimezone=UTC&characterEncoding=utf8"},"hypothesisId":"H1_started_event","location":"StartupLifecycleLogger:onStarted","sessionId":"377d1b","runId":"run_startup","message":"application_started_event","timestamp":1775820816725}
{"data":{"flywayEnabled":"true","serverPort":"8080"},"hypothesisId":"E_other_startup","location":"StartupInstrumentationListener:onApplicationReady","sessionId":"377d1b","runId":"pre-debug","message":"application_ready","timestamp":1775820816728}
{"data":{"contextId":"Practical_training"},"hypothesisId":"H2_ready_event","location":"StartupLifecycleLogger:onReady","sessionId":"377d1b","runId":"run_startup","message":"application_ready_event","timestamp":1775820816729}
{"data":{"exceptionType":"org.springframework.boot.devtools.restart.SilentExitExceptionHandler$SilentExitException","rootCauseChain":"org.springframework.boot.devtools.restart.SilentExitExceptionHandler$SilentExitException:","exceptionMessage":"org.springframework.boot.devtools.restart.SilentExitExceptionHandler$SilentExitException"},"hypothesisId":"E_other_startup_main_caught","location":"PracticalTrainingApplication:main","sessionId":"377d1b","runId":"run_main_caught","message":"main_caught_exception","timestamp":1775820816731}
{"data":{"contextId":"Practical_training"},"hypothesisId":"H3_context_closed","location":"StartupLifecycleLogger:onClosed","sessionId":"377d1b","runId":"run_startup","message":"context_closed_event","timestamp":1775821099829}
{"data":{"argCount":0},"hypothesisId":"Z_main_entry","location":"PracticalTrainingApplication:main","sessionId":"377d1b","runId":"run_main_pre","message":"main_entered","timestamp":1775821398055}
{"data":{"argCount":0},"hypothesisId":"Z_main_entry","location":"PracticalTrainingApplication:main","sessionId":"377d1b","runId":"run_main_pre","message":"main_entered","timestamp":1775821398228}
{"data":{"activeProfiles":"","contextId":"Practical_training","datasourceUrl":"jdbc:mysql://localhost:3306/game?useSSL=false&allowPublicKeyRetrieval=true&serverTimezone=UTC&characterEncoding=utf8"},"hypothesisId":"H1_started_event","location":"StartupLifecycleLogger:onStarted","sessionId":"377d1b","runId":"run_startup","message":"application_started_event","timestamp":1775821400210}
{"data":{"flywayEnabled":"true","serverPort":"8080"},"hypothesisId":"E_other_startup","location":"StartupInstrumentationListener:onApplicationReady","sessionId":"377d1b","runId":"pre-debug","message":"application_ready","timestamp":1775821400213}
{"data":{"contextId":"Practical_training"},"hypothesisId":"H2_ready_event","location":"StartupLifecycleLogger:onReady","sessionId":"377d1b","runId":"run_startup","message":"application_ready_event","timestamp":1775821400213}
{"data":{"exceptionType":"org.springframework.boot.devtools.restart.SilentExitExceptionHandler$SilentExitException","rootCauseChain":"org.springframework.boot.devtools.restart.SilentExitExceptionHandler$SilentExitException:","exceptionMessage":"org.springframework.boot.devtools.restart.SilentExitExceptionHandler$SilentExitException"},"hypothesisId":"E_other_startup_main_caught","location":"PracticalTrainingApplication:main","sessionId":"377d1b","runId":"run_main_caught","message":"main_caught_exception","timestamp":1775821400214}
{"data":{"contextId":"Practical_training"},"hypothesisId":"H3_context_closed","location":"StartupLifecycleLogger:onClosed","sessionId":"377d1b","runId":"run_startup","message":"context_closed_event","timestamp":1775823358583}
{"data":{"argCount":0},"hypothesisId":"Z_main_entry","location":"PracticalTrainingApplication:main","sessionId":"377d1b","runId":"run_main_pre","message":"main_entered","timestamp":1775823360632}
{"data":{"argCount":0},"hypothesisId":"Z_main_entry","location":"PracticalTrainingApplication:main","sessionId":"377d1b","runId":"run_main_pre","message":"main_entered","timestamp":1775823360817}
{"data":{"activeProfiles":"","contextId":"Practical_training","datasourceUrl":"jdbc:mysql://localhost:3306/game?useSSL=false&allowPublicKeyRetrieval=true&serverTimezone=UTC&characterEncoding=utf8"},"hypothesisId":"H1_started_event","location":"StartupLifecycleLogger:onStarted","sessionId":"377d1b","runId":"run_startup","message":"application_started_event","timestamp":1775823362732}
{"data":{"flywayEnabled":"true","serverPort":"8080"},"hypothesisId":"E_other_startup","location":"StartupInstrumentationListener:onApplicationReady","sessionId":"377d1b","runId":"pre-debug","message":"application_ready","timestamp":1775823362734}
{"data":{"contextId":"Practical_training"},"hypothesisId":"H2_ready_event","location":"StartupLifecycleLogger:onReady","sessionId":"377d1b","runId":"run_startup","message":"application_ready_event","timestamp":1775823362735}
{"data":{"exceptionType":"org.springframework.boot.devtools.restart.SilentExitExceptionHandler$SilentExitException","rootCauseChain":"org.springframework.boot.devtools.restart.SilentExitExceptionHandler$SilentExitException:","exceptionMessage":"org.springframework.boot.devtools.restart.SilentExitExceptionHandler$SilentExitException"},"hypothesisId":"E_other_startup_main_caught","location":"PracticalTrainingApplication:main","sessionId":"377d1b","runId":"run_main_caught","message":"main_caught_exception","timestamp":1775823362736}
{"data":{"contextId":"Practical_training"},"hypothesisId":"H3_context_closed","location":"StartupLifecycleLogger:onClosed","sessionId":"377d1b","runId":"run_startup","message":"context_closed_event","timestamp":1775824457533}
{"data":{"argCount":0},"hypothesisId":"Z_main_entry","location":"PracticalTrainingApplication:main","sessionId":"377d1b","runId":"run_main_pre","message":"main_entered","timestamp":1775824459439}
{"data":{"argCount":0},"hypothesisId":"Z_main_entry","location":"PracticalTrainingApplication:main","sessionId":"377d1b","runId":"run_main_pre","message":"main_entered","timestamp":1775824459656}
{"data":{"activeProfiles":"","contextId":"Practical_training","datasourceUrl":"jdbc:mysql://localhost:3306/game?useSSL=false&allowPublicKeyRetrieval=true&serverTimezone=UTC&characterEncoding=utf8"},"hypothesisId":"H1_started_event","location":"StartupLifecycleLogger:onStarted","sessionId":"377d1b","runId":"run_startup","message":"application_started_event","timestamp":1775824461572}
{"data":{"flywayEnabled":"true","serverPort":"8080"},"hypothesisId":"E_other_startup","location":"StartupInstrumentationListener:onApplicationReady","sessionId":"377d1b","runId":"pre-debug","message":"application_ready","timestamp":1775824461575}
{"data":{"contextId":"Practical_training"},"hypothesisId":"H2_ready_event","location":"StartupLifecycleLogger:onReady","sessionId":"377d1b","runId":"run_startup","message":"application_ready_event","timestamp":1775824461575}
{"data":{"exceptionType":"org.springframework.boot.devtools.restart.SilentExitExceptionHandler$SilentExitException","rootCauseChain":"org.springframework.boot.devtools.restart.SilentExitExceptionHandler$SilentExitException:","exceptionMessage":"org.springframework.boot.devtools.restart.SilentExitExceptionHandler$SilentExitException"},"hypothesisId":"E_other_startup_main_caught","location":"PracticalTrainingApplication:main","sessionId":"377d1b","runId":"run_main_caught","message":"main_caught_exception","timestamp":1775824461576}
{"data":{"contextId":"Practical_training"},"hypothesisId":"H3_context_closed","location":"StartupLifecycleLogger:onClosed","sessionId":"377d1b","runId":"run_startup","message":"context_closed_event","timestamp":1775825459356}
{"data":{"argCount":0},"hypothesisId":"Z_main_entry","location":"PracticalTrainingApplication:main","sessionId":"377d1b","runId":"run_main_pre","message":"main_entered","timestamp":1775825461208}
{"data":{"argCount":0},"hypothesisId":"Z_main_entry","location":"PracticalTrainingApplication:main","sessionId":"377d1b","runId":"run_main_pre","message":"main_entered","timestamp":1775825461394}
{"data":{"activeProfiles":"","contextId":"Practical_training","datasourceUrl":"jdbc:mysql://localhost:3306/game?useSSL=false&allowPublicKeyRetrieval=true&serverTimezone=UTC&characterEncoding=utf8"},"hypothesisId":"H1_started_event","location":"StartupLifecycleLogger:onStarted","sessionId":"377d1b","runId":"run_startup","message":"application_started_event","timestamp":1775825463330}
{"data":{"flywayEnabled":"true","serverPort":"8080"},"hypothesisId":"E_other_startup","location":"StartupInstrumentationListener:onApplicationReady","sessionId":"377d1b","runId":"pre-debug","message":"application_ready","timestamp":1775825463332}
{"data":{"contextId":"Practical_training"},"hypothesisId":"H2_ready_event","location":"StartupLifecycleLogger:onReady","sessionId":"377d1b","runId":"run_startup","message":"application_ready_event","timestamp":1775825463332}
{"data":{"exceptionType":"org.springframework.boot.devtools.restart.SilentExitExceptionHandler$SilentExitException","rootCauseChain":"org.springframework.boot.devtools.restart.SilentExitExceptionHandler$SilentExitException:","exceptionMessage":"org.springframework.boot.devtools.restart.SilentExitExceptionHandler$SilentExitException"},"hypothesisId":"E_other_startup_main_caught","location":"PracticalTrainingApplication:main","sessionId":"377d1b","runId":"run_main_caught","message":"main_caught_exception","timestamp":1775825463334}
{"data":{"contextId":"Practical_training"},"hypothesisId":"H3_context_closed","location":"StartupLifecycleLogger:onClosed","sessionId":"377d1b","runId":"run_startup","message":"context_closed_event","timestamp":1775825581153}
{"data":{"argCount":0},"hypothesisId":"Z_main_entry","location":"PracticalTrainingApplication:main","sessionId":"377d1b","runId":"run_main_pre","message":"main_entered","timestamp":1775825582852}
{"data":{"argCount":0},"hypothesisId":"Z_main_entry","location":"PracticalTrainingApplication:main","sessionId":"377d1b","runId":"run_main_pre","message":"main_entered","timestamp":1775825583027}
{"data":{"activeProfiles":"","contextId":"Practical_training","datasourceUrl":"jdbc:mysql://localhost:3306/game?useSSL=false&allowPublicKeyRetrieval=true&serverTimezone=UTC&characterEncoding=utf8"},"hypothesisId":"H1_started_event","location":"StartupLifecycleLogger:onStarted","sessionId":"377d1b","runId":"run_startup","message":"application_started_event","timestamp":1775825584958}
{"data":{"flywayEnabled":"true","serverPort":"8080"},"hypothesisId":"E_other_startup","location":"StartupInstrumentationListener:onApplicationReady","sessionId":"377d1b","runId":"pre-debug","message":"application_ready","timestamp":1775825584960}
{"data":{"contextId":"Practical_training"},"hypothesisId":"H2_ready_event","location":"StartupLifecycleLogger:onReady","sessionId":"377d1b","runId":"run_startup","message":"application_ready_event","timestamp":1775825584960}
{"data":{"exceptionType":"org.springframework.boot.devtools.restart.SilentExitExceptionHandler$SilentExitException","rootCauseChain":"org.springframework.boot.devtools.restart.SilentExitExceptionHandler$SilentExitException:","exceptionMessage":"org.springframework.boot.devtools.restart.SilentExitExceptionHandler$SilentExitException"},"hypothesisId":"E_other_startup_main_caught","location":"PracticalTrainingApplication:main","sessionId":"377d1b","runId":"run_main_caught","message":"main_caught_exception","timestamp":1775825584962}
{"data":{"contextId":"Practical_training"},"hypothesisId":"H3_context_closed","location":"StartupLifecycleLogger:onClosed","sessionId":"377d1b","runId":"run_startup","message":"context_closed_event","timestamp":1775826213096}
{"data":{"argCount":0},"hypothesisId":"Z_main_entry","location":"PracticalTrainingApplication:main","sessionId":"377d1b","runId":"run_main_pre","message":"main_entered","timestamp":1775826214841}
{"data":{"argCount":0},"hypothesisId":"Z_main_entry","location":"PracticalTrainingApplication:main","sessionId":"377d1b","runId":"run_main_pre","message":"main_entered","timestamp":1775826215023}
{"data":{"activeProfiles":"","contextId":"Practical_training","datasourceUrl":"jdbc:mysql://localhost:3306/game?useSSL=false&allowPublicKeyRetrieval=true&serverTimezone=UTC&characterEncoding=utf8"},"hypothesisId":"H1_started_event","location":"StartupLifecycleLogger:onStarted","sessionId":"377d1b","runId":"run_startup","message":"application_started_event","timestamp":1775826217033}
{"data":{"flywayEnabled":"true","serverPort":"8080"},"hypothesisId":"E_other_startup","location":"StartupInstrumentationListener:onApplicationReady","sessionId":"377d1b","runId":"pre-debug","message":"application_ready","timestamp":1775826217035}
{"data":{"contextId":"Practical_training"},"hypothesisId":"H2_ready_event","location":"StartupLifecycleLogger:onReady","sessionId":"377d1b","runId":"run_startup","message":"application_ready_event","timestamp":1775826217036}
{"data":{"exceptionType":"org.springframework.boot.devtools.restart.SilentExitExceptionHandler$SilentExitException","rootCauseChain":"org.springframework.boot.devtools.restart.SilentExitExceptionHandler$SilentExitException:","exceptionMessage":"org.springframework.boot.devtools.restart.SilentExitExceptionHandler$SilentExitException"},"hypothesisId":"E_other_startup_main_caught","location":"PracticalTrainingApplication:main","sessionId":"377d1b","runId":"run_main_caught","message":"main_caught_exception","timestamp":1775826217038}
{"data":{"contextId":"Practical_training"},"hypothesisId":"H3_context_closed","location":"StartupLifecycleLogger:onClosed","sessionId":"377d1b","runId":"run_startup","message":"context_closed_event","timestamp":1775826604783}
{"data":{"argCount":0},"hypothesisId":"Z_main_entry","location":"PracticalTrainingApplication:main","sessionId":"377d1b","runId":"run_main_pre","message":"main_entered","timestamp":1775826606527}
{"data":{"argCount":0},"hypothesisId":"Z_main_entry","location":"PracticalTrainingApplication:main","sessionId":"377d1b","runId":"run_main_pre","message":"main_entered","timestamp":1775826606706}
{"data":{"activeProfiles":"","contextId":"Practical_training","datasourceUrl":"jdbc:mysql://localhost:3306/game?useSSL=false&allowPublicKeyRetrieval=true&serverTimezone=UTC&characterEncoding=utf8"},"hypothesisId":"H1_started_event","location":"StartupLifecycleLogger:onStarted","sessionId":"377d1b","runId":"run_startup","message":"application_started_event","timestamp":1775826608644}
{"data":{"flywayEnabled":"true","serverPort":"8080"},"hypothesisId":"E_other_startup","location":"StartupInstrumentationListener:onApplicationReady","sessionId":"377d1b","runId":"pre-debug","message":"application_ready","timestamp":1775826608647}
{"data":{"contextId":"Practical_training"},"hypothesisId":"H2_ready_event","location":"StartupLifecycleLogger:onReady","sessionId":"377d1b","runId":"run_startup","message":"application_ready_event","timestamp":1775826608647}
{"data":{"exceptionType":"org.springframework.boot.devtools.restart.SilentExitExceptionHandler$SilentExitException","rootCauseChain":"org.springframework.boot.devtools.restart.SilentExitExceptionHandler$SilentExitException:","exceptionMessage":"org.springframework.boot.devtools.restart.SilentExitExceptionHandler$SilentExitException"},"hypothesisId":"E_other_startup_main_caught","location":"PracticalTrainingApplication:main","sessionId":"377d1b","runId":"run_main_caught","message":"main_caught_exception","timestamp":1775826608650}
{"data":{"contextId":"Practical_training"},"hypothesisId":"H3_context_closed","location":"StartupLifecycleLogger:onClosed","sessionId":"377d1b","runId":"run_startup","message":"context_closed_event","timestamp":1775826830513}
{"data":{"argCount":0},"hypothesisId":"Z_main_entry","location":"PracticalTrainingApplication:main","sessionId":"377d1b","runId":"run_main_pre","message":"main_entered","timestamp":1775826832591}
{"data":{"argCount":0},"hypothesisId":"Z_main_entry","location":"PracticalTrainingApplication:main","sessionId":"377d1b","runId":"run_main_pre","message":"main_entered","timestamp":1775826832769}
{"data":{"activeProfiles":"","contextId":"Practical_training","datasourceUrl":"jdbc:mysql://localhost:3306/game?useSSL=false&allowPublicKeyRetrieval=true&serverTimezone=UTC&characterEncoding=utf8"},"hypothesisId":"H1_started_event","location":"StartupLifecycleLogger:onStarted","sessionId":"377d1b","runId":"run_startup","message":"application_started_event","timestamp":1775826834650}
{"data":{"flywayEnabled":"true","serverPort":"8080"},"hypothesisId":"E_other_startup","location":"StartupInstrumentationListener:onApplicationReady","sessionId":"377d1b","runId":"pre-debug","message":"application_ready","timestamp":1775826834652}
{"data":{"contextId":"Practical_training"},"hypothesisId":"H2_ready_event","location":"StartupLifecycleLogger:onReady","sessionId":"377d1b","runId":"run_startup","message":"application_ready_event","timestamp":1775826834653}
{"data":{"exceptionType":"org.springframework.boot.devtools.restart.SilentExitExceptionHandler$SilentExitException","rootCauseChain":"org.springframework.boot.devtools.restart.SilentExitExceptionHandler$SilentExitException:","exceptionMessage":"org.springframework.boot.devtools.restart.SilentExitExceptionHandler$SilentExitException"},"hypothesisId":"E_other_startup_main_caught","location":"PracticalTrainingApplication:main","sessionId":"377d1b","runId":"run_main_caught","message":"main_caught_exception","timestamp":1775826834654}
{"data":{"contextId":"Practical_training"},"hypothesisId":"H3_context_closed","location":"StartupLifecycleLogger:onClosed","sessionId":"377d1b","runId":"run_startup","message":"context_closed_event","timestamp":1775826950109}
{"data":{"argCount":0},"hypothesisId":"Z_main_entry","location":"PracticalTrainingApplication:main","sessionId":"377d1b","runId":"run_main_pre","message":"main_entered","timestamp":1775827128678}
{"data":{"argCount":0},"hypothesisId":"Z_main_entry","location":"PracticalTrainingApplication:main","sessionId":"377d1b","runId":"run_main_pre","message":"main_entered","timestamp":1775827128851}
{"data":{"activeProfiles":"","contextId":"Practical_training","datasourceUrl":"jdbc:mysql://localhost:3306/game?useSSL=false&allowPublicKeyRetrieval=true&serverTimezone=UTC&characterEncoding=utf8"},"hypothesisId":"H1_started_event","location":"StartupLifecycleLogger:onStarted","sessionId":"377d1b","runId":"run_startup","message":"application_started_event","timestamp":1775827130713}
{"data":{"flywayEnabled":"true","serverPort":"8080"},"hypothesisId":"E_other_startup","location":"StartupInstrumentationListener:onApplicationReady","sessionId":"377d1b","runId":"pre-debug","message":"application_ready","timestamp":1775827130717}
{"data":{"contextId":"Practical_training"},"hypothesisId":"H2_ready_event","location":"StartupLifecycleLogger:onReady","sessionId":"377d1b","runId":"run_startup","message":"application_ready_event","timestamp":1775827130717}
{"data":{"exceptionType":"org.springframework.boot.devtools.restart.SilentExitExceptionHandler$SilentExitException","rootCauseChain":"org.springframework.boot.devtools.restart.SilentExitExceptionHandler$SilentExitException:","exceptionMessage":"org.springframework.boot.devtools.restart.SilentExitExceptionHandler$SilentExitException"},"hypothesisId":"E_other_startup_main_caught","location":"PracticalTrainingApplication:main","sessionId":"377d1b","runId":"run_main_caught","message":"main_caught_exception","timestamp":1775827130719}
{"data":{"contextId":"Practical_training"},"hypothesisId":"H3_context_closed","location":"StartupLifecycleLogger:onClosed","sessionId":"377d1b","runId":"run_startup","message":"context_closed_event","timestamp":1775827618321}
{"data":{"argCount":0},"hypothesisId":"Z_main_entry","location":"PracticalTrainingApplication:main","sessionId":"377d1b","runId":"run_main_pre","message":"main_entered","timestamp":1775827620107}
{"data":{"argCount":0},"hypothesisId":"Z_main_entry","location":"PracticalTrainingApplication:main","sessionId":"377d1b","runId":"run_main_pre","message":"main_entered","timestamp":1775827620292}
{"data":{"activeProfiles":"","contextId":"Practical_training","datasourceUrl":"jdbc:mysql://localhost:3306/game?useSSL=false&allowPublicKeyRetrieval=true&serverTimezone=UTC&characterEncoding=utf8"},"hypothesisId":"H1_started_event","location":"StartupLifecycleLogger:onStarted","sessionId":"377d1b","runId":"run_startup","message":"application_started_event","timestamp":1775827622217}
{"data":{"flywayEnabled":"true","serverPort":"8080"},"hypothesisId":"E_other_startup","location":"StartupInstrumentationListener:onApplicationReady","sessionId":"377d1b","runId":"pre-debug","message":"application_ready","timestamp":1775827622219}
{"data":{"contextId":"Practical_training"},"hypothesisId":"H2_ready_event","location":"StartupLifecycleLogger:onReady","sessionId":"377d1b","runId":"run_startup","message":"application_ready_event","timestamp":1775827622221}
{"data":{"exceptionType":"org.springframework.boot.devtools.restart.SilentExitExceptionHandler$SilentExitException","rootCauseChain":"org.springframework.boot.devtools.restart.SilentExitExceptionHandler$SilentExitException:","exceptionMessage":"org.springframework.boot.devtools.restart.SilentExitExceptionHandler$SilentExitException"},"hypothesisId":"E_other_startup_main_caught","location":"PracticalTrainingApplication:main","sessionId":"377d1b","runId":"run_main_caught","message":"main_caught_exception","timestamp":1775827622222}
{"data":{"contextId":"Practical_training"},"hypothesisId":"H3_context_closed","location":"StartupLifecycleLogger:onClosed","sessionId":"377d1b","runId":"run_startup","message":"context_closed_event","timestamp":1775829496307}
{"data":{"argCount":0},"hypothesisId":"Z_main_entry","location":"PracticalTrainingApplication:main","sessionId":"377d1b","runId":"run_main_pre","message":"main_entered","timestamp":1775829498729}
{"data":{"argCount":0},"hypothesisId":"Z_main_entry","location":"PracticalTrainingApplication:main","sessionId":"377d1b","runId":"run_main_pre","message":"main_entered","timestamp":1775829498913}
{"data":{"activeProfiles":"","contextId":"Practical_training","datasourceUrl":"jdbc:mysql://localhost:3306/game?useSSL=false&allowPublicKeyRetrieval=true&serverTimezone=UTC&characterEncoding=utf8"},"hypothesisId":"H1_started_event","location":"StartupLifecycleLogger:onStarted","sessionId":"377d1b","runId":"run_startup","message":"application_started_event","timestamp":1775829501032}
{"data":{"flywayEnabled":"true","serverPort":"8080"},"hypothesisId":"E_other_startup","location":"StartupInstrumentationListener:onApplicationReady","sessionId":"377d1b","runId":"pre-debug","message":"application_ready","timestamp":1775829501036}
{"data":{"contextId":"Practical_training"},"hypothesisId":"H2_ready_event","location":"StartupLifecycleLogger:onReady","sessionId":"377d1b","runId":"run_startup","message":"application_ready_event","timestamp":1775829501037}
{"data":{"exceptionType":"org.springframework.boot.devtools.restart.SilentExitExceptionHandler$SilentExitException","rootCauseChain":"org.springframework.boot.devtools.restart.SilentExitExceptionHandler$SilentExitException:","exceptionMessage":"org.springframework.boot.devtools.restart.SilentExitExceptionHandler$SilentExitException"},"hypothesisId":"E_other_startup_main_caught","location":"PracticalTrainingApplication:main","sessionId":"377d1b","runId":"run_main_caught","message":"main_caught_exception","timestamp":1775829501040}
{"data":{"contextId":"Practical_training"},"hypothesisId":"H3_context_closed","location":"StartupLifecycleLogger:onClosed","sessionId":"377d1b","runId":"run_startup","message":"context_closed_event","timestamp":1775830632217}
{"data":{"argCount":0},"hypothesisId":"Z_main_entry","location":"PracticalTrainingApplication:main","sessionId":"377d1b","runId":"run_main_pre","message":"main_entered","timestamp":1775833861235}
{"data":{"argCount":0},"hypothesisId":"Z_main_entry","location":"PracticalTrainingApplication:main","sessionId":"377d1b","runId":"run_main_pre","message":"main_entered","timestamp":1775833861435}
{"data":{"activeProfiles":"","contextId":"Practical_training","datasourceUrl":"jdbc:mysql://localhost:3306/game?useSSL=false&allowPublicKeyRetrieval=true&serverTimezone=UTC&characterEncoding=utf8"},"hypothesisId":"H1_started_event","location":"StartupLifecycleLogger:onStarted","sessionId":"377d1b","runId":"run_startup","message":"application_started_event","timestamp":1775833863467}
{"data":{"flywayEnabled":"true","serverPort":"8080"},"hypothesisId":"E_other_startup","location":"StartupInstrumentationListener:onApplicationReady","sessionId":"377d1b","runId":"pre-debug","message":"application_ready","timestamp":1775833863469}
{"data":{"contextId":"Practical_training"},"hypothesisId":"H2_ready_event","location":"StartupLifecycleLogger:onReady","sessionId":"377d1b","runId":"run_startup","message":"application_ready_event","timestamp":1775833863470}
{"data":{"exceptionType":"org.springframework.boot.devtools.restart.SilentExitExceptionHandler$SilentExitException","rootCauseChain":"org.springframework.boot.devtools.restart.SilentExitExceptionHandler$SilentExitException:","exceptionMessage":"org.springframework.boot.devtools.restart.SilentExitExceptionHandler$SilentExitException"},"hypothesisId":"E_other_startup_main_caught","location":"PracticalTrainingApplication:main","sessionId":"377d1b","runId":"run_main_caught","message":"main_caught_exception","timestamp":1775833863471}
{"data":{"contextId":"Practical_training"},"hypothesisId":"H3_context_closed","location":"StartupLifecycleLogger:onClosed","sessionId":"377d1b","runId":"run_startup","message":"context_closed_event","timestamp":1775834260260}
{"data":{"argCount":0},"hypothesisId":"Z_main_entry","location":"PracticalTrainingApplication:main","sessionId":"377d1b","runId":"run_main_pre","message":"main_entered","timestamp":1776061927535}
{"data":{"argCount":0},"hypothesisId":"Z_main_entry","location":"PracticalTrainingApplication:main","sessionId":"377d1b","runId":"run_main_pre","message":"main_entered","timestamp":1776061927855}
{"data":{"activeProfiles":"","contextId":"Practical_training","datasourceUrl":"jdbc:mysql://localhost:3306/game?useSSL=false&allowPublicKeyRetrieval=true&serverTimezone=UTC&characterEncoding=utf8"},"hypothesisId":"H1_started_event","location":"StartupLifecycleLogger:onStarted","sessionId":"377d1b","runId":"run_startup","message":"application_started_event","timestamp":1776061931220}
{"data":{"flywayEnabled":"true","serverPort":"8080"},"hypothesisId":"E_other_startup","location":"StartupInstrumentationListener:onApplicationReady","sessionId":"377d1b","runId":"pre-debug","message":"application_ready","timestamp":1776061931223}
{"data":{"contextId":"Practical_training"},"hypothesisId":"H2_ready_event","location":"StartupLifecycleLogger:onReady","sessionId":"377d1b","runId":"run_startup","message":"application_ready_event","timestamp":1776061931224}
{"data":{"exceptionType":"org.springframework.boot.devtools.restart.SilentExitExceptionHandler$SilentExitException","rootCauseChain":"org.springframework.boot.devtools.restart.SilentExitExceptionHandler$SilentExitException:","exceptionMessage":"org.springframework.boot.devtools.restart.SilentExitExceptionHandler$SilentExitException"},"hypothesisId":"E_other_startup_main_caught","location":"PracticalTrainingApplication:main","sessionId":"377d1b","runId":"run_main_caught","message":"main_caught_exception","timestamp":1776061931229}
{"data":{"contextId":"Practical_training"},"hypothesisId":"H3_context_closed","location":"StartupLifecycleLogger:onClosed","sessionId":"377d1b","runId":"run_startup","message":"context_closed_event","timestamp":1776062299811}
{"data":{"argCount":0},"hypothesisId":"Z_main_entry","location":"PracticalTrainingApplication:main","sessionId":"377d1b","runId":"run_main_pre","message":"main_entered","timestamp":1776062302907}
{"data":{"argCount":0},"hypothesisId":"Z_main_entry","location":"PracticalTrainingApplication:main","sessionId":"377d1b","runId":"run_main_pre","message":"main_entered","timestamp":1776062303179}
{"data":{"activeProfiles":"","contextId":"Practical_training","datasourceUrl":"jdbc:mysql://localhost:3306/game?useSSL=false&allowPublicKeyRetrieval=true&serverTimezone=UTC&characterEncoding=utf8"},"hypothesisId":"H1_started_event","location":"StartupLifecycleLogger:onStarted","sessionId":"377d1b","runId":"run_startup","message":"application_started_event","timestamp":1776062306190}
{"data":{"flywayEnabled":"true","serverPort":"8080"},"hypothesisId":"E_other_startup","location":"StartupInstrumentationListener:onApplicationReady","sessionId":"377d1b","runId":"pre-debug","message":"application_ready","timestamp":1776062306192}
{"data":{"contextId":"Practical_training"},"hypothesisId":"H2_ready_event","location":"StartupLifecycleLogger:onReady","sessionId":"377d1b","runId":"run_startup","message":"application_ready_event","timestamp":1776062306192}
{"data":{"exceptionType":"org.springframework.boot.devtools.restart.SilentExitExceptionHandler$SilentExitException","rootCauseChain":"org.springframework.boot.devtools.restart.SilentExitExceptionHandler$SilentExitException:","exceptionMessage":"org.springframework.boot.devtools.restart.SilentExitExceptionHandler$SilentExitException"},"hypothesisId":"E_other_startup_main_caught","location":"PracticalTrainingApplication:main","sessionId":"377d1b","runId":"run_main_caught","message":"main_caught_exception","timestamp":1776062306195}
{"data":{"contextId":"Practical_training"},"hypothesisId":"H3_context_closed","location":"StartupLifecycleLogger:onClosed","sessionId":"377d1b","runId":"run_startup","message":"context_closed_event","timestamp":1776062614486}
{"data":{"argCount":0},"hypothesisId":"Z_main_entry","location":"PracticalTrainingApplication:main","sessionId":"377d1b","runId":"run_main_pre","message":"main_entered","timestamp":1776062618375}
{"data":{"argCount":0},"hypothesisId":"Z_main_entry","location":"PracticalTrainingApplication:main","sessionId":"377d1b","runId":"run_main_pre","message":"main_entered","timestamp":1776062618656}
{"data":{"activeProfiles":"","contextId":"Practical_training","datasourceUrl":"jdbc:mysql://localhost:3306/game?useSSL=false&allowPublicKeyRetrieval=true&serverTimezone=UTC&characterEncoding=utf8"},"hypothesisId":"H1_started_event","location":"StartupLifecycleLogger:onStarted","sessionId":"377d1b","runId":"run_startup","message":"application_started_event","timestamp":1776062621717}
{"data":{"flywayEnabled":"true","serverPort":"8080"},"hypothesisId":"E_other_startup","location":"StartupInstrumentationListener:onApplicationReady","sessionId":"377d1b","runId":"pre-debug","message":"application_ready","timestamp":1776062621720}
{"data":{"contextId":"Practical_training"},"hypothesisId":"H2_ready_event","location":"StartupLifecycleLogger:onReady","sessionId":"377d1b","runId":"run_startup","message":"application_ready_event","timestamp":1776062621721}
{"data":{"exceptionType":"org.springframework.boot.devtools.restart.SilentExitExceptionHandler$SilentExitException","rootCauseChain":"org.springframework.boot.devtools.restart.SilentExitExceptionHandler$SilentExitException:","exceptionMessage":"org.springframework.boot.devtools.restart.SilentExitExceptionHandler$SilentExitException"},"hypothesisId":"E_other_startup_main_caught","location":"PracticalTrainingApplication:main","sessionId":"377d1b","runId":"run_main_caught","message":"main_caught_exception","timestamp":1776062621724}
{"data":{"contextId":"Practical_training"},"hypothesisId":"H3_context_closed","location":"StartupLifecycleLogger:onClosed","sessionId":"377d1b","runId":"run_startup","message":"context_closed_event","timestamp":1776063046980}
{"data":{"argCount":0},"hypothesisId":"Z_main_entry","location":"PracticalTrainingApplication:main","sessionId":"377d1b","runId":"run_main_pre","message":"main_entered","timestamp":1776063049735}
{"data":{"argCount":0},"hypothesisId":"Z_main_entry","location":"PracticalTrainingApplication:main","sessionId":"377d1b","runId":"run_main_pre","message":"main_entered","timestamp":1776063049983}
{"data":{"activeProfiles":"","contextId":"Practical_training","datasourceUrl":"jdbc:mysql://localhost:3306/game?useSSL=false&allowPublicKeyRetrieval=true&serverTimezone=UTC&characterEncoding=utf8"},"hypothesisId":"H1_started_event","location":"StartupLifecycleLogger:onStarted","sessionId":"377d1b","runId":"run_startup","message":"application_started_event","timestamp":1776063052611}
{"data":{"flywayEnabled":"true","serverPort":"8080"},"hypothesisId":"E_other_startup","location":"StartupInstrumentationListener:onApplicationReady","sessionId":"377d1b","runId":"pre-debug","message":"application_ready","timestamp":1776063052615}
{"data":{"contextId":"Practical_training"},"hypothesisId":"H2_ready_event","location":"StartupLifecycleLogger:onReady","sessionId":"377d1b","runId":"run_startup","message":"application_ready_event","timestamp":1776063052615}
{"data":{"exceptionType":"org.springframework.boot.devtools.restart.SilentExitExceptionHandler$SilentExitException","rootCauseChain":"org.springframework.boot.devtools.restart.SilentExitExceptionHandler$SilentExitException:","exceptionMessage":"org.springframework.boot.devtools.restart.SilentExitExceptionHandler$SilentExitException"},"hypothesisId":"E_other_startup_main_caught","location":"PracticalTrainingApplication:main","sessionId":"377d1b","runId":"run_main_caught","message":"main_caught_exception","timestamp":1776063052617}
{"data":{"contextId":"Practical_training"},"hypothesisId":"H3_context_closed","location":"StartupLifecycleLogger:onClosed","sessionId":"377d1b","runId":"run_startup","message":"context_closed_event","timestamp":1776063072039}
{"data":{"argCount":0},"hypothesisId":"Z_main_entry","location":"PracticalTrainingApplication:main","sessionId":"377d1b","runId":"run_main_pre","message":"main_entered","timestamp":1776063081227}
{"data":{"argCount":0},"hypothesisId":"Z_main_entry","location":"PracticalTrainingApplication:main","sessionId":"377d1b","runId":"run_main_pre","message":"main_entered","timestamp":1776063081482}
{"data":{"activeProfiles":"","contextId":"Practical_training","datasourceUrl":"jdbc:mysql://localhost:3306/game?useSSL=false&allowPublicKeyRetrieval=true&serverTimezone=UTC&characterEncoding=utf8"},"hypothesisId":"H1_started_event","location":"StartupLifecycleLogger:onStarted","sessionId":"377d1b","runId":"run_startup","message":"application_started_event","timestamp":1776063084239}
{"data":{"flywayEnabled":"true","serverPort":"8080"},"hypothesisId":"E_other_startup","location":"StartupInstrumentationListener:onApplicationReady","sessionId":"377d1b","runId":"pre-debug","message":"application_ready","timestamp":1776063084242}
{"data":{"contextId":"Practical_training"},"hypothesisId":"H2_ready_event","location":"StartupLifecycleLogger:onReady","sessionId":"377d1b","runId":"run_startup","message":"application_ready_event","timestamp":1776063084243}
{"data":{"exceptionType":"org.springframework.boot.devtools.restart.SilentExitExceptionHandler$SilentExitException","rootCauseChain":"org.springframework.boot.devtools.restart.SilentExitExceptionHandler$SilentExitException:","exceptionMessage":"org.springframework.boot.devtools.restart.SilentExitExceptionHandler$SilentExitException"},"hypothesisId":"E_other_startup_main_caught","location":"PracticalTrainingApplication:main","sessionId":"377d1b","runId":"run_main_caught","message":"main_caught_exception","timestamp":1776063084245}
{"data":{"contextId":"Practical_training"},"hypothesisId":"H3_context_closed","location":"StartupLifecycleLogger:onClosed","sessionId":"377d1b","runId":"run_startup","message":"context_closed_event","timestamp":1776063279404}
{"data":{"argCount":0},"hypothesisId":"Z_main_entry","location":"PracticalTrainingApplication:main","sessionId":"377d1b","runId":"run_main_pre","message":"main_entered","timestamp":1776063817483}
{"data":{"argCount":0},"hypothesisId":"Z_main_entry","location":"PracticalTrainingApplication:main","sessionId":"377d1b","runId":"run_main_pre","message":"main_entered","timestamp":1776063817681}
{"data":{"activeProfiles":"","contextId":"Practical_training","datasourceUrl":"jdbc:mysql://localhost:3306/game?useSSL=false&allowPublicKeyRetrieval=true&serverTimezone=UTC&characterEncoding=utf8"},"hypothesisId":"H1_started_event","location":"StartupLifecycleLogger:onStarted","sessionId":"377d1b","runId":"run_startup","message":"application_started_event","timestamp":1776063819707}
{"data":{"flywayEnabled":"true","serverPort":"8080"},"hypothesisId":"E_other_startup","location":"StartupInstrumentationListener:onApplicationReady","sessionId":"377d1b","runId":"pre-debug","message":"application_ready","timestamp":1776063819709}
{"data":{"contextId":"Practical_training"},"hypothesisId":"H2_ready_event","location":"StartupLifecycleLogger:onReady","sessionId":"377d1b","runId":"run_startup","message":"application_ready_event","timestamp":1776063819710}
{"data":{"exceptionType":"org.springframework.boot.devtools.restart.SilentExitExceptionHandler$SilentExitException","rootCauseChain":"org.springframework.boot.devtools.restart.SilentExitExceptionHandler$SilentExitException:","exceptionMessage":"org.springframework.boot.devtools.restart.SilentExitExceptionHandler$SilentExitException"},"hypothesisId":"E_other_startup_main_caught","location":"PracticalTrainingApplication:main","sessionId":"377d1b","runId":"run_main_caught","message":"main_caught_exception","timestamp":1776063819711}
{"data":{"contextId":"Practical_training"},"hypothesisId":"H3_context_closed","location":"StartupLifecycleLogger:onClosed","sessionId":"377d1b","runId":"run_startup","message":"context_closed_event","timestamp":1776064149750}
{"data":{"argCount":0},"hypothesisId":"Z_main_entry","location":"PracticalTrainingApplication:main","sessionId":"377d1b","runId":"run_main_pre","message":"main_entered","timestamp":1776064151669}
{"data":{"argCount":0},"hypothesisId":"Z_main_entry","location":"PracticalTrainingApplication:main","sessionId":"377d1b","runId":"run_main_pre","message":"main_entered","timestamp":1776064151869}
{"data":{"activeProfiles":"","contextId":"Practical_training","datasourceUrl":"jdbc:mysql://localhost:3306/game?useSSL=false&allowPublicKeyRetrieval=true&serverTimezone=UTC&characterEncoding=utf8"},"hypothesisId":"H1_started_event","location":"StartupLifecycleLogger:onStarted","sessionId":"377d1b","runId":"run_startup","message":"application_started_event","timestamp":1776064153880}
{"data":{"flywayEnabled":"true","serverPort":"8080"},"hypothesisId":"E_other_startup","location":"StartupInstrumentationListener:onApplicationReady","sessionId":"377d1b","runId":"pre-debug","message":"application_ready","timestamp":1776064153882}
{"data":{"contextId":"Practical_training"},"hypothesisId":"H2_ready_event","location":"StartupLifecycleLogger:onReady","sessionId":"377d1b","runId":"run_startup","message":"application_ready_event","timestamp":1776064153884}
{"data":{"exceptionType":"org.springframework.boot.devtools.restart.SilentExitExceptionHandler$SilentExitException","rootCauseChain":"org.springframework.boot.devtools.restart.SilentExitExceptionHandler$SilentExitException:","exceptionMessage":"org.springframework.boot.devtools.restart.SilentExitExceptionHandler$SilentExitException"},"hypothesisId":"E_other_startup_main_caught","location":"PracticalTrainingApplication:main","sessionId":"377d1b","runId":"run_main_caught","message":"main_caught_exception","timestamp":1776064153886}
{"data":{"contextId":"Practical_training"},"hypothesisId":"H3_context_closed","location":"StartupLifecycleLogger:onClosed","sessionId":"377d1b","runId":"run_startup","message":"context_closed_event","timestamp":1776064561433}
{"data":{"argCount":0},"hypothesisId":"Z_main_entry","location":"PracticalTrainingApplication:main","sessionId":"377d1b","runId":"run_main_pre","message":"main_entered","timestamp":1776064693612}
{"data":{"argCount":0},"hypothesisId":"Z_main_entry","location":"PracticalTrainingApplication:main","sessionId":"377d1b","runId":"run_main_pre","message":"main_entered","timestamp":1776064693817}
{"data":{"activeProfiles":"","contextId":"Practical_training","datasourceUrl":"jdbc:mysql://localhost:3306/game?useSSL=false&allowPublicKeyRetrieval=true&serverTimezone=UTC&characterEncoding=utf8"},"hypothesisId":"H1_started_event","location":"StartupLifecycleLogger:onStarted","sessionId":"377d1b","runId":"run_startup","message":"application_started_event","timestamp":1776064696366}
{"data":{"flywayEnabled":"true","serverPort":"8080"},"hypothesisId":"E_other_startup","location":"StartupInstrumentationListener:onApplicationReady","sessionId":"377d1b","runId":"pre-debug","message":"application_ready","timestamp":1776064696375}
{"data":{"contextId":"Practical_training"},"hypothesisId":"H2_ready_event","location":"StartupLifecycleLogger:onReady","sessionId":"377d1b","runId":"run_startup","message":"application_ready_event","timestamp":1776064696376}
{"data":{"exceptionType":"org.springframework.boot.devtools.restart.SilentExitExceptionHandler$SilentExitException","rootCauseChain":"org.springframework.boot.devtools.restart.SilentExitExceptionHandler$SilentExitException:","exceptionMessage":"org.springframework.boot.devtools.restart.SilentExitExceptionHandler$SilentExitException"},"hypothesisId":"E_other_startup_main_caught","location":"PracticalTrainingApplication:main","sessionId":"377d1b","runId":"run_main_caught","message":"main_caught_exception","timestamp":1776064696379}
{"data":{"contextId":"Practical_training"},"hypothesisId":"H3_context_closed","location":"StartupLifecycleLogger:onClosed","sessionId":"377d1b","runId":"run_startup","message":"context_closed_event","timestamp":1776065409658}
{"data":{"argCount":0},"hypothesisId":"Z_main_entry","location":"PracticalTrainingApplication:main","sessionId":"377d1b","runId":"run_main_pre","message":"main_entered","timestamp":1776065411555}
{"data":{"argCount":0},"hypothesisId":"Z_main_entry","location":"PracticalTrainingApplication:main","sessionId":"377d1b","runId":"run_main_pre","message":"main_entered","timestamp":1776065411745}
{"data":{"activeProfiles":"","contextId":"Practical_training","datasourceUrl":"jdbc:mysql://localhost:3306/game?useSSL=false&allowPublicKeyRetrieval=true&serverTimezone=UTC&characterEncoding=utf8"},"hypothesisId":"H1_started_event","location":"StartupLifecycleLogger:onStarted","sessionId":"377d1b","runId":"run_startup","message":"application_started_event","timestamp":1776065413787}
{"data":{"flywayEnabled":"true","serverPort":"8080"},"hypothesisId":"E_other_startup","location":"StartupInstrumentationListener:onApplicationReady","sessionId":"377d1b","runId":"pre-debug","message":"application_ready","timestamp":1776065413790}
{"data":{"contextId":"Practical_training"},"hypothesisId":"H2_ready_event","location":"StartupLifecycleLogger:onReady","sessionId":"377d1b","runId":"run_startup","message":"application_ready_event","timestamp":1776065413790}
{"data":{"exceptionType":"org.springframework.boot.devtools.restart.SilentExitExceptionHandler$SilentExitException","rootCauseChain":"org.springframework.boot.devtools.restart.SilentExitExceptionHandler$SilentExitException:","exceptionMessage":"org.springframework.boot.devtools.restart.SilentExitExceptionHandler$SilentExitException"},"hypothesisId":"E_other_startup_main_caught","location":"PracticalTrainingApplication:main","sessionId":"377d1b","runId":"run_main_caught","message":"main_caught_exception","timestamp":1776065413792}
{"data":{"contextId":"Practical_training"},"hypothesisId":"H3_context_closed","location":"StartupLifecycleLogger:onClosed","sessionId":"377d1b","runId":"run_startup","message":"context_closed_event","timestamp":1776066026610}
{"data":{"argCount":0},"hypothesisId":"Z_main_entry","location":"PracticalTrainingApplication:main","sessionId":"377d1b","runId":"run_main_pre","message":"main_entered","timestamp":1776066028452}
{"data":{"argCount":0},"hypothesisId":"Z_main_entry","location":"PracticalTrainingApplication:main","sessionId":"377d1b","runId":"run_main_pre","message":"main_entered","timestamp":1776066028635}
{"data":{"activeProfiles":"","contextId":"Practical_training","datasourceUrl":"jdbc:mysql://localhost:3306/game?useSSL=false&allowPublicKeyRetrieval=true&serverTimezone=UTC&characterEncoding=utf8"},"hypothesisId":"H1_started_event","location":"StartupLifecycleLogger:onStarted","sessionId":"377d1b","runId":"run_startup","message":"application_started_event","timestamp":1776066030549}
{"data":{"flywayEnabled":"true","serverPort":"8080"},"hypothesisId":"E_other_startup","location":"StartupInstrumentationListener:onApplicationReady","sessionId":"377d1b","runId":"pre-debug","message":"application_ready","timestamp":1776066030551}
{"data":{"contextId":"Practical_training"},"hypothesisId":"H2_ready_event","location":"StartupLifecycleLogger:onReady","sessionId":"377d1b","runId":"run_startup","message":"application_ready_event","timestamp":1776066030552}
{"data":{"exceptionType":"org.springframework.boot.devtools.restart.SilentExitExceptionHandler$SilentExitException","rootCauseChain":"org.springframework.boot.devtools.restart.SilentExitExceptionHandler$SilentExitException:","exceptionMessage":"org.springframework.boot.devtools.restart.SilentExitExceptionHandler$SilentExitException"},"hypothesisId":"E_other_startup_main_caught","location":"PracticalTrainingApplication:main","sessionId":"377d1b","runId":"run_main_caught","message":"main_caught_exception","timestamp":1776066030554}
{"data":{"contextId":"Practical_training"},"hypothesisId":"H3_context_closed","location":"StartupLifecycleLogger:onClosed","sessionId":"377d1b","runId":"run_startup","message":"context_closed_event","timestamp":1776069207996}
{"data":{"argCount":0},"hypothesisId":"Z_main_entry","location":"PracticalTrainingApplication:main","sessionId":"377d1b","runId":"run_main_pre","message":"main_entered","timestamp":1776069299496}
{"data":{"argCount":0},"hypothesisId":"Z_main_entry","location":"PracticalTrainingApplication:main","sessionId":"377d1b","runId":"run_main_pre","message":"main_entered","timestamp":1776069299675}
{"data":{"activeProfiles":"","contextId":"Practical_training","datasourceUrl":"jdbc:mysql://localhost:3306/game?useSSL=false&allowPublicKeyRetrieval=true&serverTimezone=UTC&characterEncoding=utf8"},"hypothesisId":"H1_started_event","location":"StartupLifecycleLogger:onStarted","sessionId":"377d1b","runId":"run_startup","message":"application_started_event","timestamp":1776069301614}
{"data":{"flywayEnabled":"true","serverPort":"8080"},"hypothesisId":"E_other_startup","location":"StartupInstrumentationListener:onApplicationReady","sessionId":"377d1b","runId":"pre-debug","message":"application_ready","timestamp":1776069301618}
{"data":{"contextId":"Practical_training"},"hypothesisId":"H2_ready_event","location":"StartupLifecycleLogger:onReady","sessionId":"377d1b","runId":"run_startup","message":"application_ready_event","timestamp":1776069301618}
{"data":{"exceptionType":"org.springframework.boot.devtools.restart.SilentExitExceptionHandler$SilentExitException","rootCauseChain":"org.springframework.boot.devtools.restart.SilentExitExceptionHandler$SilentExitException:","exceptionMessage":"org.springframework.boot.devtools.restart.SilentExitExceptionHandler$SilentExitException"},"hypothesisId":"E_other_startup_main_caught","location":"PracticalTrainingApplication:main","sessionId":"377d1b","runId":"run_main_caught","message":"main_caught_exception","timestamp":1776069301620}
{"data":{"contextId":"Practical_training"},"hypothesisId":"H3_context_closed","location":"StartupLifecycleLogger:onClosed","sessionId":"377d1b","runId":"run_startup","message":"context_closed_event","timestamp":1776070242671}
{"data":{"argCount":0},"hypothesisId":"Z_main_entry","location":"PracticalTrainingApplication:main","sessionId":"377d1b","runId":"run_main_pre","message":"main_entered","timestamp":1776070244520}
{"data":{"argCount":0},"hypothesisId":"Z_main_entry","location":"PracticalTrainingApplication:main","sessionId":"377d1b","runId":"run_main_pre","message":"main_entered","timestamp":1776070244725}
{"data":{"activeProfiles":"","contextId":"Practical_training","datasourceUrl":"jdbc:mysql://localhost:3306/game?useSSL=false&allowPublicKeyRetrieval=true&serverTimezone=UTC&characterEncoding=utf8"},"hypothesisId":"H1_started_event","location":"StartupLifecycleLogger:onStarted","sessionId":"377d1b","runId":"run_startup","message":"application_started_event","timestamp":1776070246662}
{"data":{"flywayEnabled":"true","serverPort":"8080"},"hypothesisId":"E_other_startup","location":"StartupInstrumentationListener:onApplicationReady","sessionId":"377d1b","runId":"pre-debug","message":"application_ready","timestamp":1776070246664}
{"data":{"contextId":"Practical_training"},"hypothesisId":"H2_ready_event","location":"StartupLifecycleLogger:onReady","sessionId":"377d1b","runId":"run_startup","message":"application_ready_event","timestamp":1776070246665}
{"data":{"exceptionType":"org.springframework.boot.devtools.restart.SilentExitExceptionHandler$SilentExitException","rootCauseChain":"org.springframework.boot.devtools.restart.SilentExitExceptionHandler$SilentExitException:","exceptionMessage":"org.springframework.boot.devtools.restart.SilentExitExceptionHandler$SilentExitException"},"hypothesisId":"E_other_startup_main_caught","location":"PracticalTrainingApplication:main","sessionId":"377d1b","runId":"run_main_caught","message":"main_caught_exception","timestamp":1776070246666}
{"data":{"contextId":"Practical_training"},"hypothesisId":"H3_context_closed","location":"StartupLifecycleLogger:onClosed","sessionId":"377d1b","runId":"run_startup","message":"context_closed_event","timestamp":1776070432423}
{"data":{"argCount":0},"hypothesisId":"Z_main_entry","location":"PracticalTrainingApplication:main","sessionId":"377d1b","runId":"run_main_pre","message":"main_entered","timestamp":1776070568505}
{"data":{"argCount":0},"hypothesisId":"Z_main_entry","location":"PracticalTrainingApplication:main","sessionId":"377d1b","runId":"run_main_pre","message":"main_entered","timestamp":1776070568684}
{"data":{"activeProfiles":"","contextId":"Practical_training","datasourceUrl":"jdbc:mysql://localhost:3306/game?useSSL=false&allowPublicKeyRetrieval=true&serverTimezone=UTC&characterEncoding=utf8"},"hypothesisId":"H1_started_event","location":"StartupLifecycleLogger:onStarted","sessionId":"377d1b","runId":"run_startup","message":"application_started_event","timestamp":1776070570652}
{"data":{"flywayEnabled":"true","serverPort":"8080"},"hypothesisId":"E_other_startup","location":"StartupInstrumentationListener:onApplicationReady","sessionId":"377d1b","runId":"pre-debug","message":"application_ready","timestamp":1776070570655}
{"data":{"contextId":"Practical_training"},"hypothesisId":"H2_ready_event","location":"StartupLifecycleLogger:onReady","sessionId":"377d1b","runId":"run_startup","message":"application_ready_event","timestamp":1776070570655}
{"data":{"exceptionType":"org.springframework.boot.devtools.restart.SilentExitExceptionHandler$SilentExitException","rootCauseChain":"org.springframework.boot.devtools.restart.SilentExitExceptionHandler$SilentExitException:","exceptionMessage":"org.springframework.boot.devtools.restart.SilentExitExceptionHandler$SilentExitException"},"hypothesisId":"E_other_startup_main_caught","location":"PracticalTrainingApplication:main","sessionId":"377d1b","runId":"run_main_caught","message":"main_caught_exception","timestamp":1776070570657}
{"data":{"contextId":"Practical_training"},"hypothesisId":"H3_context_closed","location":"StartupLifecycleLogger:onClosed","sessionId":"377d1b","runId":"run_startup","message":"context_closed_event","timestamp":1776070604812}
{"data":{"argCount":0},"hypothesisId":"Z_main_entry","location":"PracticalTrainingApplication:main","sessionId":"377d1b","runId":"run_main_pre","message":"main_entered","timestamp":1776071442769}
{"data":{"argCount":0},"hypothesisId":"Z_main_entry","location":"PracticalTrainingApplication:main","sessionId":"377d1b","runId":"run_main_pre","message":"main_entered","timestamp":1776071442981}
{"data":{"activeProfiles":"","contextId":"Practical_training","datasourceUrl":"jdbc:mysql://localhost:3306/game?useSSL=false&allowPublicKeyRetrieval=true&serverTimezone=UTC&characterEncoding=utf8"},"hypothesisId":"H1_started_event","location":"StartupLifecycleLogger:onStarted","sessionId":"377d1b","runId":"run_startup","message":"application_started_event","timestamp":1776071444890}
{"data":{"flywayEnabled":"true","serverPort":"8080"},"hypothesisId":"E_other_startup","location":"StartupInstrumentationListener:onApplicationReady","sessionId":"377d1b","runId":"pre-debug","message":"application_ready","timestamp":1776071444892}
{"data":{"contextId":"Practical_training"},"hypothesisId":"H2_ready_event","location":"StartupLifecycleLogger:onReady","sessionId":"377d1b","runId":"run_startup","message":"application_ready_event","timestamp":1776071444893}
{"data":{"exceptionType":"org.springframework.boot.devtools.restart.SilentExitExceptionHandler$SilentExitException","rootCauseChain":"org.springframework.boot.devtools.restart.SilentExitExceptionHandler$SilentExitException:","exceptionMessage":"org.springframework.boot.devtools.restart.SilentExitExceptionHandler$SilentExitException"},"hypothesisId":"E_other_startup_main_caught","location":"PracticalTrainingApplication:main","sessionId":"377d1b","runId":"run_main_caught","message":"main_caught_exception","timestamp":1776071444895}
{"data":{"contextId":"Practical_training"},"hypothesisId":"H3_context_closed","location":"StartupLifecycleLogger:onClosed","sessionId":"377d1b","runId":"run_startup","message":"context_closed_event","timestamp":1776071655789}
{"data":{"argCount":0},"hypothesisId":"Z_main_entry","location":"PracticalTrainingApplication:main","sessionId":"377d1b","runId":"run_main_pre","message":"main_entered","timestamp":1776071657982}
{"data":{"argCount":0},"hypothesisId":"Z_main_entry","location":"PracticalTrainingApplication:main","sessionId":"377d1b","runId":"run_main_pre","message":"main_entered","timestamp":1776071658196}
{"data":{"activeProfiles":"","contextId":"Practical_training","datasourceUrl":"jdbc:mysql://localhost:3306/game?useSSL=false&allowPublicKeyRetrieval=true&serverTimezone=UTC&characterEncoding=utf8"},"hypothesisId":"H1_started_event","location":"StartupLifecycleLogger:onStarted","sessionId":"377d1b","runId":"run_startup","message":"application_started_event","timestamp":1776071660191}
{"data":{"flywayEnabled":"true","serverPort":"8080"},"hypothesisId":"E_other_startup","location":"StartupInstrumentationListener:onApplicationReady","sessionId":"377d1b","runId":"pre-debug","message":"application_ready","timestamp":1776071660193}
{"data":{"contextId":"Practical_training"},"hypothesisId":"H2_ready_event","location":"StartupLifecycleLogger:onReady","sessionId":"377d1b","runId":"run_startup","message":"application_ready_event","timestamp":1776071660193}
{"data":{"exceptionType":"org.springframework.boot.devtools.restart.SilentExitExceptionHandler$SilentExitException","rootCauseChain":"org.springframework.boot.devtools.restart.SilentExitExceptionHandler$SilentExitException:","exceptionMessage":"org.springframework.boot.devtools.restart.SilentExitExceptionHandler$SilentExitException"},"hypothesisId":"E_other_startup_main_caught","location":"PracticalTrainingApplication:main","sessionId":"377d1b","runId":"run_main_caught","message":"main_caught_exception","timestamp":1776071660195}
{"data":{"contextId":"Practical_training"},"hypothesisId":"H3_context_closed","location":"StartupLifecycleLogger:onClosed","sessionId":"377d1b","runId":"run_startup","message":"context_closed_event","timestamp":1776071732040}
{"data":{"argCount":0},"hypothesisId":"Z_main_entry","location":"PracticalTrainingApplication:main","sessionId":"377d1b","runId":"run_main_pre","message":"main_entered","timestamp":1776071825928}
{"data":{"argCount":0},"hypothesisId":"Z_main_entry","location":"PracticalTrainingApplication:main","sessionId":"377d1b","runId":"run_main_pre","message":"main_entered","timestamp":1776071826128}
{"data":{"activeProfiles":"","contextId":"Practical_training","datasourceUrl":"jdbc:mysql://localhost:3306/game?useSSL=false&allowPublicKeyRetrieval=true&serverTimezone=UTC&characterEncoding=utf8"},"hypothesisId":"H1_started_event","location":"StartupLifecycleLogger:onStarted","sessionId":"377d1b","runId":"run_startup","message":"application_started_event","timestamp":1776071828101}
{"data":{"flywayEnabled":"true","serverPort":"8080"},"hypothesisId":"E_other_startup","location":"StartupInstrumentationListener:onApplicationReady","sessionId":"377d1b","runId":"pre-debug","message":"application_ready","timestamp":1776071828105}
{"data":{"contextId":"Practical_training"},"hypothesisId":"H2_ready_event","location":"StartupLifecycleLogger:onReady","sessionId":"377d1b","runId":"run_startup","message":"application_ready_event","timestamp":1776071828106}
{"data":{"exceptionType":"org.springframework.boot.devtools.restart.SilentExitExceptionHandler$SilentExitException","rootCauseChain":"org.springframework.boot.devtools.restart.SilentExitExceptionHandler$SilentExitException:","exceptionMessage":"org.springframework.boot.devtools.restart.SilentExitExceptionHandler$SilentExitException"},"hypothesisId":"E_other_startup_main_caught","location":"PracticalTrainingApplication:main","sessionId":"377d1b","runId":"run_main_caught","message":"main_caught_exception","timestamp":1776071828108}
{"data":{"contextId":"Practical_training"},"hypothesisId":"H3_context_closed","location":"StartupLifecycleLogger:onClosed","sessionId":"377d1b","runId":"run_startup","message":"context_closed_event","timestamp":1776072821678}
{"data":{"argCount":0},"hypothesisId":"Z_main_entry","location":"PracticalTrainingApplication:main","sessionId":"377d1b","runId":"run_main_pre","message":"main_entered","timestamp":1776072825307}
{"data":{"argCount":0},"hypothesisId":"Z_main_entry","location":"PracticalTrainingApplication:main","sessionId":"377d1b","runId":"run_main_pre","message":"main_entered","timestamp":1776072825519}
{"data":{"activeProfiles":"","contextId":"Practical_training","datasourceUrl":"jdbc:mysql://localhost:3306/game?useSSL=false&allowPublicKeyRetrieval=true&serverTimezone=UTC&characterEncoding=utf8"},"hypothesisId":"H1_started_event","location":"StartupLifecycleLogger:onStarted","sessionId":"377d1b","runId":"run_startup","message":"application_started_event","timestamp":1776072827576}
{"data":{"flywayEnabled":"true","serverPort":"8080"},"hypothesisId":"E_other_startup","location":"StartupInstrumentationListener:onApplicationReady","sessionId":"377d1b","runId":"pre-debug","message":"application_ready","timestamp":1776072827579}
{"data":{"contextId":"Practical_training"},"hypothesisId":"H2_ready_event","location":"StartupLifecycleLogger:onReady","sessionId":"377d1b","runId":"run_startup","message":"application_ready_event","timestamp":1776072827580}
{"data":{"exceptionType":"org.springframework.boot.devtools.restart.SilentExitExceptionHandler$SilentExitException","rootCauseChain":"org.springframework.boot.devtools.restart.SilentExitExceptionHandler$SilentExitException:","exceptionMessage":"org.springframework.boot.devtools.restart.SilentExitExceptionHandler$SilentExitException"},"hypothesisId":"E_other_startup_main_caught","location":"PracticalTrainingApplication:main","sessionId":"377d1b","runId":"run_main_caught","message":"main_caught_exception","timestamp":1776072827581}
{"data":{"contextId":"Practical_training"},"hypothesisId":"H3_context_closed","location":"StartupLifecycleLogger:onClosed","sessionId":"377d1b","runId":"run_startup","message":"context_closed_event","timestamp":1776073212423}
{"data":{"argCount":0},"hypothesisId":"Z_main_entry","location":"PracticalTrainingApplication:main","sessionId":"377d1b","runId":"run_main_pre","message":"main_entered","timestamp":1776073214592}
{"data":{"argCount":0},"hypothesisId":"Z_main_entry","location":"PracticalTrainingApplication:main","sessionId":"377d1b","runId":"run_main_pre","message":"main_entered","timestamp":1776073214811}
{"data":{"activeProfiles":"","contextId":"Practical_training","datasourceUrl":"jdbc:mysql://localhost:3306/game?useSSL=false&allowPublicKeyRetrieval=true&serverTimezone=UTC&characterEncoding=utf8"},"hypothesisId":"H1_started_event","location":"StartupLifecycleLogger:onStarted","sessionId":"377d1b","runId":"run_startup","message":"application_started_event","timestamp":1776073216767}
{"data":{"flywayEnabled":"true","serverPort":"8080"},"hypothesisId":"E_other_startup","location":"StartupInstrumentationListener:onApplicationReady","sessionId":"377d1b","runId":"pre-debug","message":"application_ready","timestamp":1776073216768}
{"data":{"contextId":"Practical_training"},"hypothesisId":"H2_ready_event","location":"StartupLifecycleLogger:onReady","sessionId":"377d1b","runId":"run_startup","message":"application_ready_event","timestamp":1776073216769}
{"data":{"exceptionType":"org.springframework.boot.devtools.restart.SilentExitExceptionHandler$SilentExitException","rootCauseChain":"org.springframework.boot.devtools.restart.SilentExitExceptionHandler$SilentExitException:","exceptionMessage":"org.springframework.boot.devtools.restart.SilentExitExceptionHandler$SilentExitException"},"hypothesisId":"E_other_startup_main_caught","location":"PracticalTrainingApplication:main","sessionId":"377d1b","runId":"run_main_caught","message":"main_caught_exception","timestamp":1776073216770}
{"data":{"contextId":"Practical_training"},"hypothesisId":"H3_context_closed","location":"StartupLifecycleLogger:onClosed","sessionId":"377d1b","runId":"run_startup","message":"context_closed_event","timestamp":1776073808721}
{"data":{"argCount":0},"hypothesisId":"Z_main_entry","location":"PracticalTrainingApplication:main","sessionId":"377d1b","runId":"run_main_pre","message":"main_entered","timestamp":1776080042569}
{"data":{"argCount":0},"hypothesisId":"Z_main_entry","location":"PracticalTrainingApplication:main","sessionId":"377d1b","runId":"run_main_pre","message":"main_entered","timestamp":1776080042799}
{"data":{"activeProfiles":"","contextId":"Practical_training","datasourceUrl":"jdbc:mysql://localhost:3306/game?useSSL=false&allowPublicKeyRetrieval=true&serverTimezone=UTC&characterEncoding=utf8"},"hypothesisId":"H1_started_event","location":"StartupLifecycleLogger:onStarted","sessionId":"377d1b","runId":"run_startup","message":"application_started_event","timestamp":1776080045401}
{"data":{"flywayEnabled":"true","serverPort":"8080"},"hypothesisId":"E_other_startup","location":"StartupInstrumentationListener:onApplicationReady","sessionId":"377d1b","runId":"pre-debug","message":"application_ready","timestamp":1776080045413}
{"data":{"contextId":"Practical_training"},"hypothesisId":"H2_ready_event","location":"StartupLifecycleLogger:onReady","sessionId":"377d1b","runId":"run_startup","message":"application_ready_event","timestamp":1776080045416}
{"data":{"exceptionType":"org.springframework.boot.devtools.restart.SilentExitExceptionHandler$SilentExitException","rootCauseChain":"org.springframework.boot.devtools.restart.SilentExitExceptionHandler$SilentExitException:","exceptionMessage":"org.springframework.boot.devtools.restart.SilentExitExceptionHandler$SilentExitException"},"hypothesisId":"E_other_startup_main_caught","location":"PracticalTrainingApplication:main","sessionId":"377d1b","runId":"run_main_caught","message":"main_caught_exception","timestamp":1776080045436}
{"data":{"contextId":"Practical_training"},"hypothesisId":"H3_context_closed","location":"StartupLifecycleLogger:onClosed","sessionId":"377d1b","runId":"run_startup","message":"context_closed_event","timestamp":1776081586959}
{"data":{"argCount":0},"hypothesisId":"Z_main_entry","location":"PracticalTrainingApplication:main","sessionId":"377d1b","runId":"run_main_pre","message":"main_entered","timestamp":1776081588946}
{"data":{"argCount":0},"hypothesisId":"Z_main_entry","location":"PracticalTrainingApplication:main","sessionId":"377d1b","runId":"run_main_pre","message":"main_entered","timestamp":1776081589145}
{"data":{"activeProfiles":"","contextId":"Practical_training","datasourceUrl":"jdbc:mysql://localhost:3306/game?useSSL=false&allowPublicKeyRetrieval=true&serverTimezone=UTC&characterEncoding=utf8"},"hypothesisId":"H1_started_event","location":"StartupLifecycleLogger:onStarted","sessionId":"377d1b","runId":"run_startup","message":"application_started_event","timestamp":1776081591045}
{"data":{"flywayEnabled":"true","serverPort":"8080"},"hypothesisId":"E_other_startup","location":"StartupInstrumentationListener:onApplicationReady","sessionId":"377d1b","runId":"pre-debug","message":"application_ready","timestamp":1776081591048}
{"data":{"contextId":"Practical_training"},"hypothesisId":"H2_ready_event","location":"StartupLifecycleLogger:onReady","sessionId":"377d1b","runId":"run_startup","message":"application_ready_event","timestamp":1776081591048}
{"data":{"exceptionType":"org.springframework.boot.devtools.restart.SilentExitExceptionHandler$SilentExitException","rootCauseChain":"org.springframework.boot.devtools.restart.SilentExitExceptionHandler$SilentExitException:","exceptionMessage":"org.springframework.boot.devtools.restart.SilentExitExceptionHandler$SilentExitException"},"hypothesisId":"E_other_startup_main_caught","location":"PracticalTrainingApplication:main","sessionId":"377d1b","runId":"run_main_caught","message":"main_caught_exception","timestamp":1776081591050}
{"data":{"contextId":"Practical_training"},"hypothesisId":"H3_context_closed","location":"StartupLifecycleLogger:onClosed","sessionId":"377d1b","runId":"run_startup","message":"context_closed_event","timestamp":1776081901072}
{"data":{"argCount":0},"hypothesisId":"Z_main_entry","location":"PracticalTrainingApplication:main","sessionId":"377d1b","runId":"run_main_pre","message":"main_entered","timestamp":1776081903181}
{"data":{"argCount":0},"hypothesisId":"Z_main_entry","location":"PracticalTrainingApplication:main","sessionId":"377d1b","runId":"run_main_pre","message":"main_entered","timestamp":1776081903413}
{"data":{"activeProfiles":"","contextId":"Practical_training","datasourceUrl":"jdbc:mysql://localhost:3306/game?useSSL=false&allowPublicKeyRetrieval=true&serverTimezone=UTC&characterEncoding=utf8"},"hypothesisId":"H1_started_event","location":"StartupLifecycleLogger:onStarted","sessionId":"377d1b","runId":"run_startup","message":"application_started_event","timestamp":1776081905357}
{"data":{"flywayEnabled":"true","serverPort":"8080"},"hypothesisId":"E_other_startup","location":"StartupInstrumentationListener:onApplicationReady","sessionId":"377d1b","runId":"pre-debug","message":"application_ready","timestamp":1776081905359}
{"data":{"contextId":"Practical_training"},"hypothesisId":"H2_ready_event","location":"StartupLifecycleLogger:onReady","sessionId":"377d1b","runId":"run_startup","message":"application_ready_event","timestamp":1776081905359}
{"data":{"exceptionType":"org.springframework.boot.devtools.restart.SilentExitExceptionHandler$SilentExitException","rootCauseChain":"org.springframework.boot.devtools.restart.SilentExitExceptionHandler$SilentExitException:","exceptionMessage":"org.springframework.boot.devtools.restart.SilentExitExceptionHandler$SilentExitException"},"hypothesisId":"E_other_startup_main_caught","location":"PracticalTrainingApplication:main","sessionId":"377d1b","runId":"run_main_caught","message":"main_caught_exception","timestamp":1776081905361}
{"data":{"contextId":"Practical_training"},"hypothesisId":"H3_context_closed","location":"StartupLifecycleLogger:onClosed","sessionId":"377d1b","runId":"run_startup","message":"context_closed_event","timestamp":1776082599296}
{"data":{"argCount":0},"hypothesisId":"Z_main_entry","location":"PracticalTrainingApplication:main","sessionId":"377d1b","runId":"run_main_pre","message":"main_entered","timestamp":1776082601291}
{"data":{"argCount":0},"hypothesisId":"Z_main_entry","location":"PracticalTrainingApplication:main","sessionId":"377d1b","runId":"run_main_pre","message":"main_entered","timestamp":1776082601472}
{"data":{"activeProfiles":"","contextId":"Practical_training","datasourceUrl":"jdbc:mysql://localhost:3306/game?useSSL=false&allowPublicKeyRetrieval=true&serverTimezone=UTC&characterEncoding=utf8"},"hypothesisId":"H1_started_event","location":"StartupLifecycleLogger:onStarted","sessionId":"377d1b","runId":"run_startup","message":"application_started_event","timestamp":1776082603412}
{"data":{"flywayEnabled":"true","serverPort":"8080"},"hypothesisId":"E_other_startup","location":"StartupInstrumentationListener:onApplicationReady","sessionId":"377d1b","runId":"pre-debug","message":"application_ready","timestamp":1776082603415}
{"data":{"contextId":"Practical_training"},"hypothesisId":"H2_ready_event","location":"StartupLifecycleLogger:onReady","sessionId":"377d1b","runId":"run_startup","message":"application_ready_event","timestamp":1776082603415}
{"data":{"exceptionType":"org.springframework.boot.devtools.restart.SilentExitExceptionHandler$SilentExitException","rootCauseChain":"org.springframework.boot.devtools.restart.SilentExitExceptionHandler$SilentExitException:","exceptionMessage":"org.springframework.boot.devtools.restart.SilentExitExceptionHandler$SilentExitException"},"hypothesisId":"E_other_startup_main_caught","location":"PracticalTrainingApplication:main","sessionId":"377d1b","runId":"run_main_caught","message":"main_caught_exception","timestamp":1776082603417}
{"data":{"contextId":"Practical_training"},"hypothesisId":"H3_context_closed","location":"StartupLifecycleLogger:onClosed","sessionId":"377d1b","runId":"run_startup","message":"context_closed_event","timestamp":1776082885170}
{"data":{"argCount":0},"hypothesisId":"Z_main_entry","location":"PracticalTrainingApplication:main","sessionId":"377d1b","runId":"run_main_pre","message":"main_entered","timestamp":1776082887082}
{"data":{"argCount":0},"hypothesisId":"Z_main_entry","location":"PracticalTrainingApplication:main","sessionId":"377d1b","runId":"run_main_pre","message":"main_entered","timestamp":1776082887270}
{"data":{"activeProfiles":"","contextId":"Practical_training","datasourceUrl":"jdbc:mysql://localhost:3306/game?useSSL=false&allowPublicKeyRetrieval=true&serverTimezone=UTC&characterEncoding=utf8"},"hypothesisId":"H1_started_event","location":"StartupLifecycleLogger:onStarted","sessionId":"377d1b","runId":"run_startup","message":"application_started_event","timestamp":1776082889236}
{"data":{"flywayEnabled":"true","serverPort":"8080"},"hypothesisId":"E_other_startup","location":"StartupInstrumentationListener:onApplicationReady","sessionId":"377d1b","runId":"pre-debug","message":"application_ready","timestamp":1776082889239}
{"data":{"contextId":"Practical_training"},"hypothesisId":"H2_ready_event","location":"StartupLifecycleLogger:onReady","sessionId":"377d1b","runId":"run_startup","message":"application_ready_event","timestamp":1776082889240}
{"data":{"exceptionType":"org.springframework.boot.devtools.restart.SilentExitExceptionHandler$SilentExitException","rootCauseChain":"org.springframework.boot.devtools.restart.SilentExitExceptionHandler$SilentExitException:","exceptionMessage":"org.springframework.boot.devtools.restart.SilentExitExceptionHandler$SilentExitException"},"hypothesisId":"E_other_startup_main_caught","location":"PracticalTrainingApplication:main","sessionId":"377d1b","runId":"run_main_caught","message":"main_caught_exception","timestamp":1776082889242}
{"data":{"contextId":"Practical_training"},"hypothesisId":"H3_context_closed","location":"StartupLifecycleLogger:onClosed","sessionId":"377d1b","runId":"run_startup","message":"context_closed_event","timestamp":1776082922406}
{"data":{"argCount":0},"hypothesisId":"Z_main_entry","location":"PracticalTrainingApplication:main","sessionId":"377d1b","runId":"run_main_pre","message":"main_entered","timestamp":1776082926020}
{"data":{"argCount":0},"hypothesisId":"Z_main_entry","location":"PracticalTrainingApplication:main","sessionId":"377d1b","runId":"run_main_pre","message":"main_entered","timestamp":1776082926238}
{"data":{"activeProfiles":"","contextId":"Practical_training","datasourceUrl":"jdbc:mysql://localhost:3306/game?useSSL=false&allowPublicKeyRetrieval=true&serverTimezone=UTC&characterEncoding=utf8"},"hypothesisId":"H1_started_event","location":"StartupLifecycleLogger:onStarted","sessionId":"377d1b","runId":"run_startup","message":"application_started_event","timestamp":1776082928450}
{"data":{"flywayEnabled":"true","serverPort":"8080"},"hypothesisId":"E_other_startup","location":"StartupInstrumentationListener:onApplicationReady","sessionId":"377d1b","runId":"pre-debug","message":"application_ready","timestamp":1776082928453}
{"data":{"contextId":"Practical_training"},"hypothesisId":"H2_ready_event","location":"StartupLifecycleLogger:onReady","sessionId":"377d1b","runId":"run_startup","message":"application_ready_event","timestamp":1776082928454}
{"data":{"exceptionType":"org.springframework.boot.devtools.restart.SilentExitExceptionHandler$SilentExitException","rootCauseChain":"org.springframework.boot.devtools.restart.SilentExitExceptionHandler$SilentExitException:","exceptionMessage":"org.springframework.boot.devtools.restart.SilentExitExceptionHandler$SilentExitException"},"hypothesisId":"E_other_startup_main_caught","location":"PracticalTrainingApplication:main","sessionId":"377d1b","runId":"run_main_caught","message":"main_caught_exception","timestamp":1776082928455}
{"data":{"contextId":"Practical_training"},"hypothesisId":"H3_context_closed","location":"StartupLifecycleLogger:onClosed","sessionId":"377d1b","runId":"run_startup","message":"context_closed_event","timestamp":1776083192286}
{"data":{"argCount":0},"hypothesisId":"Z_main_entry","location":"PracticalTrainingApplication:main","sessionId":"377d1b","runId":"run_main_pre","message":"main_entered","timestamp":1776083194392}
{"data":{"argCount":0},"hypothesisId":"Z_main_entry","location":"PracticalTrainingApplication:main","sessionId":"377d1b","runId":"run_main_pre","message":"main_entered","timestamp":1776083194587}
{"data":{"activeProfiles":"","contextId":"Practical_training","datasourceUrl":"jdbc:mysql://localhost:3306/game?useSSL=false&allowPublicKeyRetrieval=true&serverTimezone=UTC&characterEncoding=utf8"},"hypothesisId":"H1_started_event","location":"StartupLifecycleLogger:onStarted","sessionId":"377d1b","runId":"run_startup","message":"application_started_event","timestamp":1776083196474}
{"data":{"flywayEnabled":"true","serverPort":"8080"},"hypothesisId":"E_other_startup","location":"StartupInstrumentationListener:onApplicationReady","sessionId":"377d1b","runId":"pre-debug","message":"application_ready","timestamp":1776083196476}
{"data":{"contextId":"Practical_training"},"hypothesisId":"H2_ready_event","location":"StartupLifecycleLogger:onReady","sessionId":"377d1b","runId":"run_startup","message":"application_ready_event","timestamp":1776083196476}
{"data":{"exceptionType":"org.springframework.boot.devtools.restart.SilentExitExceptionHandler$SilentExitException","rootCauseChain":"org.springframework.boot.devtools.restart.SilentExitExceptionHandler$SilentExitException:","exceptionMessage":"org.springframework.boot.devtools.restart.SilentExitExceptionHandler$SilentExitException"},"hypothesisId":"E_other_startup_main_caught","location":"PracticalTrainingApplication:main","sessionId":"377d1b","runId":"run_main_caught","message":"main_caught_exception","timestamp":1776083196478}
{"data":{"contextId":"Practical_training"},"hypothesisId":"H3_context_closed","location":"StartupLifecycleLogger:onClosed","sessionId":"377d1b","runId":"run_startup","message":"context_closed_event","timestamp":1776088219304}
{"data":{"argCount":0},"hypothesisId":"Z_main_entry","location":"PracticalTrainingApplication:main","sessionId":"377d1b","runId":"run_main_pre","message":"main_entered","timestamp":1776332267343}
{"data":{"argCount":0},"hypothesisId":"Z_main_entry","location":"PracticalTrainingApplication:main","sessionId":"377d1b","runId":"run_main_pre","message":"main_entered","timestamp":1776332267562}
{"data":{"activeProfiles":"","contextId":"Practical_training","datasourceUrl":"jdbc:mysql://localhost:3306/game?useSSL=false&allowPublicKeyRetrieval=true&serverTimezone=UTC&characterEncoding=utf8"},"hypothesisId":"H1_started_event","location":"StartupLifecycleLogger:onStarted","sessionId":"377d1b","runId":"run_startup","message":"application_started_event","timestamp":1776332269831}
{"data":{"flywayEnabled":"true","serverPort":"8080"},"hypothesisId":"E_other_startup","location":"StartupInstrumentationListener:onApplicationReady","sessionId":"377d1b","runId":"pre-debug","message":"application_ready","timestamp":1776332269834}
{"data":{"contextId":"Practical_training"},"hypothesisId":"H2_ready_event","location":"StartupLifecycleLogger:onReady","sessionId":"377d1b","runId":"run_startup","message":"application_ready_event","timestamp":1776332269835}
{"data":{"exceptionType":"org.springframework.boot.devtools.restart.SilentExitExceptionHandler$SilentExitException","rootCauseChain":"org.springframework.boot.devtools.restart.SilentExitExceptionHandler$SilentExitException:","exceptionMessage":"org.springframework.boot.devtools.restart.SilentExitExceptionHandler$SilentExitException"},"hypothesisId":"E_other_startup_main_caught","location":"PracticalTrainingApplication:main","sessionId":"377d1b","runId":"run_main_caught","message":"main_caught_exception","timestamp":1776332269838}
{"data":{"contextId":"Practical_training"},"hypothesisId":"H3_context_closed","location":"StartupLifecycleLogger:onClosed","sessionId":"377d1b","runId":"run_startup","message":"context_closed_event","timestamp":1776332501709}
{"data":{"argCount":0},"hypothesisId":"Z_main_entry","location":"PracticalTrainingApplication:main","sessionId":"377d1b","runId":"run_main_pre","message":"main_entered","timestamp":1776334764657}
{"data":{"argCount":0},"hypothesisId":"Z_main_entry","location":"PracticalTrainingApplication:main","sessionId":"377d1b","runId":"run_main_pre","message":"main_entered","timestamp":1776334764872}
{"data":{"activeProfiles":"","contextId":"Practical_training","datasourceUrl":"jdbc:mysql://localhost:3306/game?useSSL=false&allowPublicKeyRetrieval=true&serverTimezone=UTC&characterEncoding=utf8"},"hypothesisId":"H1_started_event","location":"StartupLifecycleLogger:onStarted","sessionId":"377d1b","runId":"run_startup","message":"application_started_event","timestamp":1776334767215}
{"data":{"flywayEnabled":"true","serverPort":"8080"},"hypothesisId":"E_other_startup","location":"StartupInstrumentationListener:onApplicationReady","sessionId":"377d1b","runId":"pre-debug","message":"application_ready","timestamp":1776334767218}
{"data":{"contextId":"Practical_training"},"hypothesisId":"H2_ready_event","location":"StartupLifecycleLogger:onReady","sessionId":"377d1b","runId":"run_startup","message":"application_ready_event","timestamp":1776334767218}
{"data":{"exceptionType":"org.springframework.boot.devtools.restart.SilentExitExceptionHandler$SilentExitException","rootCauseChain":"org.springframework.boot.devtools.restart.SilentExitExceptionHandler$SilentExitException:","exceptionMessage":"org.springframework.boot.devtools.restart.SilentExitExceptionHandler$SilentExitException"},"hypothesisId":"E_other_startup_main_caught","location":"PracticalTrainingApplication:main","sessionId":"377d1b","runId":"run_main_caught","message":"main_caught_exception","timestamp":1776334767221}
{"data":{"contextId":"Practical_training"},"hypothesisId":"H3_context_closed","location":"StartupLifecycleLogger:onClosed","sessionId":"377d1b","runId":"run_startup","message":"context_closed_event","timestamp":1776335604362}
{"data":{"argCount":0},"hypothesisId":"Z_main_entry","location":"PracticalTrainingApplication:main","sessionId":"377d1b","runId":"run_main_pre","message":"main_entered","timestamp":1776335606212}
{"data":{"argCount":0},"hypothesisId":"Z_main_entry","location":"PracticalTrainingApplication:main","sessionId":"377d1b","runId":"run_main_pre","message":"main_entered","timestamp":1776335606403}
{"data":{"activeProfiles":"","contextId":"Practical_training","datasourceUrl":"jdbc:mysql://localhost:3306/game?useSSL=false&allowPublicKeyRetrieval=true&serverTimezone=UTC&characterEncoding=utf8"},"hypothesisId":"H1_started_event","location":"StartupLifecycleLogger:onStarted","sessionId":"377d1b","runId":"run_startup","message":"application_started_event","timestamp":1776335608340}
{"data":{"flywayEnabled":"true","serverPort":"8080"},"hypothesisId":"E_other_startup","location":"StartupInstrumentationListener:onApplicationReady","sessionId":"377d1b","runId":"pre-debug","message":"application_ready","timestamp":1776335608342}
{"data":{"contextId":"Practical_training"},"hypothesisId":"H2_ready_event","location":"StartupLifecycleLogger:onReady","sessionId":"377d1b","runId":"run_startup","message":"application_ready_event","timestamp":1776335608343}
{"data":{"exceptionType":"org.springframework.boot.devtools.restart.SilentExitExceptionHandler$SilentExitException","rootCauseChain":"org.springframework.boot.devtools.restart.SilentExitExceptionHandler$SilentExitException:","exceptionMessage":"org.springframework.boot.devtools.restart.SilentExitExceptionHandler$SilentExitException"},"hypothesisId":"E_other_startup_main_caught","location":"PracticalTrainingApplication:main","sessionId":"377d1b","runId":"run_main_caught","message":"main_caught_exception","timestamp":1776335608345}
{"data":{"contextId":"Practical_training"},"hypothesisId":"H3_context_closed","location":"StartupLifecycleLogger:onClosed","sessionId":"377d1b","runId":"run_startup","message":"context_closed_event","timestamp":1776335928060}
{"data":{"argCount":0},"hypothesisId":"Z_main_entry","location":"PracticalTrainingApplication:main","sessionId":"377d1b","runId":"run_main_pre","message":"main_entered","timestamp":1776338767807}
{"data":{"argCount":0},"hypothesisId":"Z_main_entry","location":"PracticalTrainingApplication:main","sessionId":"377d1b","runId":"run_main_pre","message":"main_entered","timestamp":1776338768200}
{"data":{"activeProfiles":"","contextId":"Practical_training","datasourceUrl":"jdbc:mysql://localhost:3306/game?useSSL=false&allowPublicKeyRetrieval=true&serverTimezone=UTC&characterEncoding=utf8"},"hypothesisId":"H1_started_event","location":"StartupLifecycleLogger:onStarted","sessionId":"377d1b","runId":"run_startup","message":"application_started_event","timestamp":1776338774206}
{"data":{"flywayEnabled":"true","serverPort":"8080"},"hypothesisId":"E_other_startup","location":"StartupInstrumentationListener:onApplicationReady","sessionId":"377d1b","runId":"pre-debug","message":"application_ready","timestamp":1776338774216}
{"data":{"contextId":"Practical_training"},"hypothesisId":"H2_ready_event","location":"StartupLifecycleLogger:onReady","sessionId":"377d1b","runId":"run_startup","message":"application_ready_event","timestamp":1776338774218}
{"data":{"exceptionType":"org.springframework.boot.devtools.restart.SilentExitExceptionHandler$SilentExitException","rootCauseChain":"org.springframework.boot.devtools.restart.SilentExitExceptionHandler$SilentExitException:","exceptionMessage":"org.springframework.boot.devtools.restart.SilentExitExceptionHandler$SilentExitException"},"hypothesisId":"E_other_startup_main_caught","location":"PracticalTrainingApplication:main","sessionId":"377d1b","runId":"run_main_caught","message":"main_caught_exception","timestamp":1776338774229}
{"data":{"contextId":"Practical_training"},"hypothesisId":"H3_context_closed","location":"StartupLifecycleLogger:onClosed","sessionId":"377d1b","runId":"run_startup","message":"context_closed_event","timestamp":1776339476561}
{"data":{"argCount":0},"hypothesisId":"Z_main_entry","location":"PracticalTrainingApplication:main","sessionId":"377d1b","runId":"run_main_pre","message":"main_entered","timestamp":1776346759838}
{"data":{"argCount":0},"hypothesisId":"Z_main_entry","location":"PracticalTrainingApplication:main","sessionId":"377d1b","runId":"run_main_pre","message":"main_entered","timestamp":1776346760101}
{"data":{"activeProfiles":"","contextId":"Practical_training","datasourceUrl":"jdbc:mysql://localhost:3306/game?useSSL=false&allowPublicKeyRetrieval=true&serverTimezone=UTC&characterEncoding=utf8"},"hypothesisId":"H1_started_event","location":"StartupLifecycleLogger:onStarted","sessionId":"377d1b","runId":"run_startup","message":"application_started_event","timestamp":1776346762436}
{"data":{"flywayEnabled":"true","serverPort":"8080"},"hypothesisId":"E_other_startup","location":"StartupInstrumentationListener:onApplicationReady","sessionId":"377d1b","runId":"pre-debug","message":"application_ready","timestamp":1776346762439}
{"data":{"contextId":"Practical_training"},"hypothesisId":"H2_ready_event","location":"StartupLifecycleLogger:onReady","sessionId":"377d1b","runId":"run_startup","message":"application_ready_event","timestamp":1776346762440}
{"data":{"exceptionType":"org.springframework.boot.devtools.restart.SilentExitExceptionHandler$SilentExitException","rootCauseChain":"org.springframework.boot.devtools.restart.SilentExitExceptionHandler$SilentExitException:","exceptionMessage":"org.springframework.boot.devtools.restart.SilentExitExceptionHandler$SilentExitException"},"hypothesisId":"E_other_startup_main_caught","location":"PracticalTrainingApplication:main","sessionId":"377d1b","runId":"run_main_caught","message":"main_caught_exception","timestamp":1776346762443}
{"data":{"contextId":"Practical_training"},"hypothesisId":"H3_context_closed","location":"StartupLifecycleLogger:onClosed","sessionId":"377d1b","runId":"run_startup","message":"context_closed_event","timestamp":1776346989630}
{"data":{"argCount":0},"hypothesisId":"Z_main_entry","location":"PracticalTrainingApplication:main","sessionId":"377d1b","runId":"run_main_pre","message":"main_entered","timestamp":1776346991447}
{"data":{"argCount":0},"hypothesisId":"Z_main_entry","location":"PracticalTrainingApplication:main","sessionId":"377d1b","runId":"run_main_pre","message":"main_entered","timestamp":1776346991624}
{"data":{"activeProfiles":"","contextId":"Practical_training","datasourceUrl":"jdbc:mysql://localhost:3306/game?useSSL=false&allowPublicKeyRetrieval=true&serverTimezone=UTC&characterEncoding=utf8"},"hypothesisId":"H1_started_event","location":"StartupLifecycleLogger:onStarted","sessionId":"377d1b","runId":"run_startup","message":"application_started_event","timestamp":1776346993511}
{"data":{"flywayEnabled":"true","serverPort":"8080"},"hypothesisId":"E_other_startup","location":"StartupInstrumentationListener:onApplicationReady","sessionId":"377d1b","runId":"pre-debug","message":"application_ready","timestamp":1776346993515}
{"data":{"contextId":"Practical_training"},"hypothesisId":"H2_ready_event","location":"StartupLifecycleLogger:onReady","sessionId":"377d1b","runId":"run_startup","message":"application_ready_event","timestamp":1776346993515}
{"data":{"exceptionType":"org.springframework.boot.devtools.restart.SilentExitExceptionHandler$SilentExitException","rootCauseChain":"org.springframework.boot.devtools.restart.SilentExitExceptionHandler$SilentExitException:","exceptionMessage":"org.springframework.boot.devtools.restart.SilentExitExceptionHandler$SilentExitException"},"hypothesisId":"E_other_startup_main_caught","location":"PracticalTrainingApplication:main","sessionId":"377d1b","runId":"run_main_caught","message":"main_caught_exception","timestamp":1776346993517}
{"data":{"contextId":"Practical_training"},"hypothesisId":"H3_context_closed","location":"StartupLifecycleLogger:onClosed","sessionId":"377d1b","runId":"run_startup","message":"context_closed_event","timestamp":1776347178428}
{"data":{"argCount":0},"hypothesisId":"Z_main_entry","location":"PracticalTrainingApplication:main","sessionId":"377d1b","runId":"run_main_pre","message":"main_entered","timestamp":1776348368049}
{"data":{"argCount":0},"hypothesisId":"Z_main_entry","location":"PracticalTrainingApplication:main","sessionId":"377d1b","runId":"run_main_pre","message":"main_entered","timestamp":1776348368224}
{"data":{"activeProfiles":"","contextId":"Practical_training","datasourceUrl":"jdbc:mysql://localhost:3306/game?useSSL=false&allowPublicKeyRetrieval=true&serverTimezone=UTC&characterEncoding=utf8"},"hypothesisId":"H1_started_event","location":"StartupLifecycleLogger:onStarted","sessionId":"377d1b","runId":"run_startup","message":"application_started_event","timestamp":1776348370332}
{"data":{"flywayEnabled":"true","serverPort":"8080"},"hypothesisId":"E_other_startup","location":"StartupInstrumentationListener:onApplicationReady","sessionId":"377d1b","runId":"pre-debug","message":"application_ready","timestamp":1776348370334}
{"data":{"contextId":"Practical_training"},"hypothesisId":"H2_ready_event","location":"StartupLifecycleLogger:onReady","sessionId":"377d1b","runId":"run_startup","message":"application_ready_event","timestamp":1776348370334}
{"data":{"exceptionType":"org.springframework.boot.devtools.restart.SilentExitExceptionHandler$SilentExitException","rootCauseChain":"org.springframework.boot.devtools.restart.SilentExitExceptionHandler$SilentExitException:","exceptionMessage":"org.springframework.boot.devtools.restart.SilentExitExceptionHandler$SilentExitException"},"hypothesisId":"E_other_startup_main_caught","location":"PracticalTrainingApplication:main","sessionId":"377d1b","runId":"run_main_caught","message":"main_caught_exception","timestamp":1776348370336}
{"data":{"contextId":"Practical_training"},"hypothesisId":"H3_context_closed","location":"StartupLifecycleLogger:onClosed","sessionId":"377d1b","runId":"run_startup","message":"context_closed_event","timestamp":1776348538686}
{"data":{"argCount":0},"hypothesisId":"Z_main_entry","location":"PracticalTrainingApplication:main","sessionId":"377d1b","runId":"run_main_pre","message":"main_entered","timestamp":1776856565538}
{"data":{"argCount":0},"hypothesisId":"Z_main_entry","location":"PracticalTrainingApplication:main","sessionId":"377d1b","runId":"run_main_pre","message":"main_entered","timestamp":1776856565738}
{"data":{"activeProfiles":"","contextId":"Practical_training","datasourceUrl":"jdbc:mysql://localhost:3306/game?useSSL=false&allowPublicKeyRetrieval=true&serverTimezone=UTC&characterEncoding=utf8"},"hypothesisId":"H1_started_event","location":"StartupLifecycleLogger:onStarted","sessionId":"377d1b","runId":"run_startup","message":"application_started_event","timestamp":1776856568029}
{"data":{"flywayEnabled":"true","serverPort":"8080"},"hypothesisId":"E_other_startup","location":"StartupInstrumentationListener:onApplicationReady","sessionId":"377d1b","runId":"pre-debug","message":"application_ready","timestamp":1776856568032}
{"data":{"contextId":"Practical_training"},"hypothesisId":"H2_ready_event","location":"StartupLifecycleLogger:onReady","sessionId":"377d1b","runId":"run_startup","message":"application_ready_event","timestamp":1776856568033}
{"data":{"exceptionType":"org.springframework.boot.devtools.restart.SilentExitExceptionHandler$SilentExitException","rootCauseChain":"org.springframework.boot.devtools.restart.SilentExitExceptionHandler$SilentExitException:","exceptionMessage":"org.springframework.boot.devtools.restart.SilentExitExceptionHandler$SilentExitException"},"hypothesisId":"E_other_startup_main_caught","location":"PracticalTrainingApplication:main","sessionId":"377d1b","runId":"run_main_caught","message":"main_caught_exception","timestamp":1776856568037}
{"data":{"contextId":"Practical_training"},"hypothesisId":"H3_context_closed","location":"StartupLifecycleLogger:onClosed","sessionId":"377d1b","runId":"run_startup","message":"context_closed_event","timestamp":1776856706162}
{"data":{"argCount":0},"hypothesisId":"Z_main_entry","location":"PracticalTrainingApplication:main","sessionId":"377d1b","runId":"run_main_pre","message":"main_entered","timestamp":1776857557292}
{"data":{"argCount":0},"hypothesisId":"Z_main_entry","location":"PracticalTrainingApplication:main","sessionId":"377d1b","runId":"run_main_pre","message":"main_entered","timestamp":1776857557482}
{"data":{"activeProfiles":"","contextId":"Practical_training","datasourceUrl":"jdbc:mysql://localhost:3306/game?useSSL=false&allowPublicKeyRetrieval=true&serverTimezone=UTC&characterEncoding=utf8"},"hypothesisId":"H1_started_event","location":"StartupLifecycleLogger:onStarted","sessionId":"377d1b","runId":"run_startup","message":"application_started_event","timestamp":1776857559518}
{"data":{"flywayEnabled":"true","serverPort":"8080"},"hypothesisId":"E_other_startup","location":"StartupInstrumentationListener:onApplicationReady","sessionId":"377d1b","runId":"pre-debug","message":"application_ready","timestamp":1776857559522}
{"data":{"contextId":"Practical_training"},"hypothesisId":"H2_ready_event","location":"StartupLifecycleLogger:onReady","sessionId":"377d1b","runId":"run_startup","message":"application_ready_event","timestamp":1776857559523}
{"data":{"exceptionType":"org.springframework.boot.devtools.restart.SilentExitExceptionHandler$SilentExitException","rootCauseChain":"org.springframework.boot.devtools.restart.SilentExitExceptionHandler$SilentExitException:","exceptionMessage":"org.springframework.boot.devtools.restart.SilentExitExceptionHandler$SilentExitException"},"hypothesisId":"E_other_startup_main_caught","location":"PracticalTrainingApplication:main","sessionId":"377d1b","runId":"run_main_caught","message":"main_caught_exception","timestamp":1776857559524}
{"data":{"contextId":"Practical_training"},"hypothesisId":"H3_context_closed","location":"StartupLifecycleLogger:onClosed","sessionId":"377d1b","runId":"run_startup","message":"context_closed_event","timestamp":1776857891895}
{"data":{"argCount":0},"hypothesisId":"Z_main_entry","location":"PracticalTrainingApplication:main","sessionId":"377d1b","runId":"run_main_pre","message":"main_entered","timestamp":1776857894961}
{"data":{"argCount":0},"hypothesisId":"Z_main_entry","location":"PracticalTrainingApplication:main","sessionId":"377d1b","runId":"run_main_pre","message":"main_entered","timestamp":1776857895224}
{"data":{"activeProfiles":"","contextId":"Practical_training","datasourceUrl":"jdbc:mysql://localhost:3306/game?useSSL=false&allowPublicKeyRetrieval=true&serverTimezone=UTC&characterEncoding=utf8"},"hypothesisId":"H1_started_event","location":"StartupLifecycleLogger:onStarted","sessionId":"377d1b","runId":"run_startup","message":"application_started_event","timestamp":1776857898201}
{"data":{"flywayEnabled":"true","serverPort":"8080"},"hypothesisId":"E_other_startup","location":"StartupInstrumentationListener:onApplicationReady","sessionId":"377d1b","runId":"pre-debug","message":"application_ready","timestamp":1776857898210}
{"data":{"contextId":"Practical_training"},"hypothesisId":"H2_ready_event","location":"StartupLifecycleLogger:onReady","sessionId":"377d1b","runId":"run_startup","message":"application_ready_event","timestamp":1776857898211}
{"data":{"exceptionType":"org.springframework.boot.devtools.restart.SilentExitExceptionHandler$SilentExitException","rootCauseChain":"org.springframework.boot.devtools.restart.SilentExitExceptionHandler$SilentExitException:","exceptionMessage":"org.springframework.boot.devtools.restart.SilentExitExceptionHandler$SilentExitException"},"hypothesisId":"E_other_startup_main_caught","location":"PracticalTrainingApplication:main","sessionId":"377d1b","runId":"run_main_caught","message":"main_caught_exception","timestamp":1776857898215}
{"data":{"contextId":"Practical_training"},"hypothesisId":"H3_context_closed","location":"StartupLifecycleLogger:onClosed","sessionId":"377d1b","runId":"run_startup","message":"context_closed_event","timestamp":1776857994468}
{"data":{"argCount":0},"hypothesisId":"Z_main_entry","location":"PracticalTrainingApplication:main","sessionId":"377d1b","runId":"run_main_pre","message":"main_entered","timestamp":1776858429485}
{"data":{"argCount":0},"hypothesisId":"Z_main_entry","location":"PracticalTrainingApplication:main","sessionId":"377d1b","runId":"run_main_pre","message":"main_entered","timestamp":1776858429646}
{"data":{"activeProfiles":"","contextId":"Practical_training","datasourceUrl":"jdbc:mysql://localhost:3306/game?useSSL=false&allowPublicKeyRetrieval=true&serverTimezone=UTC&characterEncoding=utf8"},"hypothesisId":"H1_started_event","location":"StartupLifecycleLogger:onStarted","sessionId":"377d1b","runId":"run_startup","message":"application_started_event","timestamp":1776858431556}
{"data":{"flywayEnabled":"true","serverPort":"8080"},"hypothesisId":"E_other_startup","location":"StartupInstrumentationListener:onApplicationReady","sessionId":"377d1b","runId":"pre-debug","message":"application_ready","timestamp":1776858431558}
{"data":{"contextId":"Practical_training"},"hypothesisId":"H2_ready_event","location":"StartupLifecycleLogger:onReady","sessionId":"377d1b","runId":"run_startup","message":"application_ready_event","timestamp":1776858431560}
{"data":{"exceptionType":"org.springframework.boot.devtools.restart.SilentExitExceptionHandler$SilentExitException","rootCauseChain":"org.springframework.boot.devtools.restart.SilentExitExceptionHandler$SilentExitException:","exceptionMessage":"org.springframework.boot.devtools.restart.SilentExitExceptionHandler$SilentExitException"},"hypothesisId":"E_other_startup_main_caught","location":"PracticalTrainingApplication:main","sessionId":"377d1b","runId":"run_main_caught","message":"main_caught_exception","timestamp":1776858431562}
{"data":{"contextId":"Practical_training"},"hypothesisId":"H3_context_closed","location":"StartupLifecycleLogger:onClosed","sessionId":"377d1b","runId":"run_startup","message":"context_closed_event","timestamp":1776858469019}
{"data":{"argCount":0},"hypothesisId":"Z_main_entry","location":"PracticalTrainingApplication:main","sessionId":"377d1b","runId":"run_main_pre","message":"main_entered","timestamp":1776859061409}
{"data":{"argCount":0},"hypothesisId":"Z_main_entry","location":"PracticalTrainingApplication:main","sessionId":"377d1b","runId":"run_main_pre","message":"main_entered","timestamp":1776859061584}
{"data":{"activeProfiles":"","contextId":"Practical_training","datasourceUrl":"jdbc:mysql://localhost:3306/game?useSSL=false&allowPublicKeyRetrieval=true&serverTimezone=UTC&characterEncoding=utf8"},"hypothesisId":"H1_started_event","location":"StartupLifecycleLogger:onStarted","sessionId":"377d1b","runId":"run_startup","message":"application_started_event","timestamp":1776859063562}
{"data":{"flywayEnabled":"true","serverPort":"8080"},"hypothesisId":"E_other_startup","location":"StartupInstrumentationListener:onApplicationReady","sessionId":"377d1b","runId":"pre-debug","message":"application_ready","timestamp":1776859063565}
{"data":{"contextId":"Practical_training"},"hypothesisId":"H2_ready_event","location":"StartupLifecycleLogger:onReady","sessionId":"377d1b","runId":"run_startup","message":"application_ready_event","timestamp":1776859063565}
{"data":{"exceptionType":"org.springframework.boot.devtools.restart.SilentExitExceptionHandler$SilentExitException","rootCauseChain":"org.springframework.boot.devtools.restart.SilentExitExceptionHandler$SilentExitException:","exceptionMessage":"org.springframework.boot.devtools.restart.SilentExitExceptionHandler$SilentExitException"},"hypothesisId":"E_other_startup_main_caught","location":"PracticalTrainingApplication:main","sessionId":"377d1b","runId":"run_main_caught","message":"main_caught_exception","timestamp":1776859063567}
{"data":{"contextId":"Practical_training"},"hypothesisId":"H3_context_closed","location":"StartupLifecycleLogger:onClosed","sessionId":"377d1b","runId":"run_startup","message":"context_closed_event","timestamp":1776859713768}
{"data":{"argCount":0},"hypothesisId":"Z_main_entry","location":"PracticalTrainingApplication:main","sessionId":"377d1b","runId":"run_main_pre","message":"main_entered","timestamp":1776939328954}
{"data":{"argCount":0},"hypothesisId":"Z_main_entry","location":"PracticalTrainingApplication:main","sessionId":"377d1b","runId":"run_main_pre","message":"main_entered","timestamp":1776939329157}
{"data":{"activeProfiles":"","contextId":"Practical_training","datasourceUrl":"jdbc:mysql://localhost:3306/game?useSSL=false&allowPublicKeyRetrieval=true&serverTimezone=UTC&characterEncoding=utf8"},"hypothesisId":"H1_started_event","location":"StartupLifecycleLogger:onStarted","sessionId":"377d1b","runId":"run_startup","message":"application_started_event","timestamp":1776939331443}
{"data":{"flywayEnabled":"true","serverPort":"8080"},"hypothesisId":"E_other_startup","location":"StartupInstrumentationListener:onApplicationReady","sessionId":"377d1b","runId":"pre-debug","message":"application_ready","timestamp":1776939331446}
{"data":{"contextId":"Practical_training"},"hypothesisId":"H2_ready_event","location":"StartupLifecycleLogger:onReady","sessionId":"377d1b","runId":"run_startup","message":"application_ready_event","timestamp":1776939331446}
{"data":{"exceptionType":"org.springframework.boot.devtools.restart.SilentExitExceptionHandler$SilentExitException","rootCauseChain":"org.springframework.boot.devtools.restart.SilentExitExceptionHandler$SilentExitException:","exceptionMessage":"org.springframework.boot.devtools.restart.SilentExitExceptionHandler$SilentExitException"},"hypothesisId":"E_other_startup_main_caught","location":"PracticalTrainingApplication:main","sessionId":"377d1b","runId":"run_main_caught","message":"main_caught_exception","timestamp":1776939331449}
{"data":{"contextId":"Practical_training"},"hypothesisId":"H3_context_closed","location":"StartupLifecycleLogger:onClosed","sessionId":"377d1b","runId":"run_startup","message":"context_closed_event","timestamp":1776939385252}
{"data":{"argCount":0},"hypothesisId":"Z_main_entry","location":"PracticalTrainingApplication:main","sessionId":"377d1b","runId":"run_main_pre","message":"main_entered","timestamp":1776939739541}
{"data":{"argCount":0},"hypothesisId":"Z_main_entry","location":"PracticalTrainingApplication:main","sessionId":"377d1b","runId":"run_main_pre","message":"main_entered","timestamp":1776939739755}
{"data":{"activeProfiles":"","contextId":"Practical_training","datasourceUrl":"jdbc:mysql://localhost:3306/game?useSSL=false&allowPublicKeyRetrieval=true&serverTimezone=UTC&characterEncoding=utf8"},"hypothesisId":"H1_started_event","location":"StartupLifecycleLogger:onStarted","sessionId":"377d1b","runId":"run_startup","message":"application_started_event","timestamp":1776939741890}
{"data":{"flywayEnabled":"true","serverPort":"8080"},"hypothesisId":"E_other_startup","location":"StartupInstrumentationListener:onApplicationReady","sessionId":"377d1b","runId":"pre-debug","message":"application_ready","timestamp":1776939741892}
{"data":{"contextId":"Practical_training"},"hypothesisId":"H2_ready_event","location":"StartupLifecycleLogger:onReady","sessionId":"377d1b","runId":"run_startup","message":"application_ready_event","timestamp":1776939741893}
{"data":{"exceptionType":"org.springframework.boot.devtools.restart.SilentExitExceptionHandler$SilentExitException","rootCauseChain":"org.springframework.boot.devtools.restart.SilentExitExceptionHandler$SilentExitException:","exceptionMessage":"org.springframework.boot.devtools.restart.SilentExitExceptionHandler$SilentExitException"},"hypothesisId":"E_other_startup_main_caught","location":"PracticalTrainingApplication:main","sessionId":"377d1b","runId":"run_main_caught","message":"main_caught_exception","timestamp":1776939741894}
{"data":{"contextId":"Practical_training"},"hypothesisId":"H3_context_closed","location":"StartupLifecycleLogger:onClosed","sessionId":"377d1b","runId":"run_startup","message":"context_closed_event","timestamp":1776940337732}
{"data":{"argCount":0},"hypothesisId":"Z_main_entry","location":"PracticalTrainingApplication:main","sessionId":"377d1b","runId":"run_main_pre","message":"main_entered","timestamp":1776940342411}
{"data":{"argCount":0},"hypothesisId":"Z_main_entry","location":"PracticalTrainingApplication:main","sessionId":"377d1b","runId":"run_main_pre","message":"main_entered","timestamp":1776940342594}
{"data":{"activeProfiles":"","contextId":"Practical_training","datasourceUrl":"jdbc:mysql://localhost:3306/game?useSSL=false&allowPublicKeyRetrieval=true&serverTimezone=UTC&characterEncoding=utf8"},"hypothesisId":"H1_started_event","location":"StartupLifecycleLogger:onStarted","sessionId":"377d1b","runId":"run_startup","message":"application_started_event","timestamp":1776940344594}
{"data":{"flywayEnabled":"true","serverPort":"8080"},"hypothesisId":"E_other_startup","location":"StartupInstrumentationListener:onApplicationReady","sessionId":"377d1b","runId":"pre-debug","message":"application_ready","timestamp":1776940344596}
{"data":{"contextId":"Practical_training"},"hypothesisId":"H2_ready_event","location":"StartupLifecycleLogger:onReady","sessionId":"377d1b","runId":"run_startup","message":"application_ready_event","timestamp":1776940344598}
{"data":{"exceptionType":"org.springframework.boot.devtools.restart.SilentExitExceptionHandler$SilentExitException","rootCauseChain":"org.springframework.boot.devtools.restart.SilentExitExceptionHandler$SilentExitException:","exceptionMessage":"org.springframework.boot.devtools.restart.SilentExitExceptionHandler$SilentExitException"},"hypothesisId":"E_other_startup_main_caught","location":"PracticalTrainingApplication:main","sessionId":"377d1b","runId":"run_main_caught","message":"main_caught_exception","timestamp":1776940344599}
{"data":{"panel":"menu","mode":"single"},"hypothesisId":"H5_panel_visibility","location":"game.js:showPanel","sessionId":"377d1b","runId":"run_ui_layout","message":"panel_switched","timestamp":1776940365748}
{"data":{"src":"./assets/audio/sfx/btn_click.wav"},"hypothesisId":"H3_audio_ready","location":"game.js:initMedia","sessionId":"377d1b","runId":"run_ui_layout","message":"click_ready","timestamp":1776940368416}
{"data":{"src":"./assets/audio/sfx/btn_click.wav"},"hypothesisId":"H3_audio_ready","location":"game.js:initMedia","sessionId":"377d1b","runId":"run_ui_layout","message":"click_ready","timestamp":1776940370568}
{"data":{"panel":"levels","mode":"single"},"hypothesisId":"H5_panel_visibility","location":"game.js:showPanel","sessionId":"377d1b","runId":"run_ui_layout","message":"panel_switched","timestamp":1776940372606}
{"data":{"src":"./assets/audio/sfx/btn_click.wav"},"hypothesisId":"H3_audio_ready","location":"game.js:initMedia","sessionId":"377d1b","runId":"run_ui_layout","message":"click_ready","timestamp":1776940372614}
{"data":{"panel":"menu","mode":"single"},"hypothesisId":"H5_panel_visibility","location":"game.js:showPanel","sessionId":"377d1b","runId":"run_ui_layout","message":"panel_switched","timestamp":1776940373879}
{"data":{"src":"./assets/audio/sfx/btn_click.wav"},"hypothesisId":"H3_audio_ready","location":"game.js:initMedia","sessionId":"377d1b","runId":"run_ui_layout","message":"click_ready","timestamp":1776940373879}
{"data":{"panel":"settings","mode":"single"},"hypothesisId":"H5_panel_visibility","location":"game.js:showPanel","sessionId":"377d1b","runId":"run_ui_layout","message":"panel_switched","timestamp":1776940374507}
{"data":{"src":"./assets/audio/sfx/btn_click.wav"},"hypothesisId":"H3_audio_ready","location":"game.js:initMedia","sessionId":"377d1b","runId":"run_ui_layout","message":"click_ready","timestamp":1776940374535}
{"data":{"panel":"menu","mode":"single"},"hypothesisId":"H5_panel_visibility","location":"game.js:showPanel","sessionId":"377d1b","runId":"run_ui_layout","message":"panel_switched","timestamp":1776940376875}
{"data":{"src":"./assets/audio/sfx/btn_click.wav"},"hypothesisId":"H3_audio_ready","location":"game.js:initMedia","sessionId":"377d1b","runId":"run_ui_layout","message":"click_ready","timestamp":1776940376877}
{"data":{"contextId":"Practical_training"},"hypothesisId":"H3_context_closed","location":"StartupLifecycleLogger:onClosed","sessionId":"377d1b","runId":"run_startup","message":"context_closed_event","timestamp":1776940404426}
{"data":{"argCount":0},"hypothesisId":"Z_main_entry","location":"PracticalTrainingApplication:main","sessionId":"377d1b","runId":"run_main_pre","message":"main_entered","timestamp":1776944457265}
{"data":{"argCount":0},"hypothesisId":"Z_main_entry","location":"PracticalTrainingApplication:main","sessionId":"377d1b","runId":"run_main_pre","message":"main_entered","timestamp":1776944457571}
{"data":{"activeProfiles":"","contextId":"Practical_training","datasourceUrl":"jdbc:mysql://localhost:3306/game?useSSL=false&allowPublicKeyRetrieval=true&serverTimezone=UTC&characterEncoding=utf8"},"hypothesisId":"H1_started_event","location":"StartupLifecycleLogger:onStarted","sessionId":"377d1b","runId":"run_startup","message":"application_started_event","timestamp":1776944460644}
{"data":{"flywayEnabled":"true","serverPort":"8080"},"hypothesisId":"E_other_startup","location":"StartupInstrumentationListener:onApplicationReady","sessionId":"377d1b","runId":"pre-debug","message":"application_ready","timestamp":1776944460647}
{"data":{"contextId":"Practical_training"},"hypothesisId":"H2_ready_event","location":"StartupLifecycleLogger:onReady","sessionId":"377d1b","runId":"run_startup","message":"application_ready_event","timestamp":1776944460647}
{"data":{"exceptionType":"org.springframework.boot.devtools.restart.SilentExitExceptionHandler$SilentExitException","rootCauseChain":"org.springframework.boot.devtools.restart.SilentExitExceptionHandler$SilentExitException:","exceptionMessage":"org.springframework.boot.devtools.restart.SilentExitExceptionHandler$SilentExitException"},"hypothesisId":"E_other_startup_main_caught","location":"PracticalTrainingApplication:main","sessionId":"377d1b","runId":"run_main_caught","message":"main_caught_exception","timestamp":1776944460649}
{"data":{"contextId":"Practical_training"},"hypothesisId":"H3_context_closed","location":"StartupLifecycleLogger:onClosed","sessionId":"377d1b","runId":"run_startup","message":"context_closed_event","timestamp":1776944643659}
{"data":{"argCount":0},"hypothesisId":"Z_main_entry","location":"PracticalTrainingApplication:main","sessionId":"377d1b","runId":"run_main_pre","message":"main_entered","timestamp":1776948424413}
{"data":{"argCount":0},"hypothesisId":"Z_main_entry","location":"PracticalTrainingApplication:main","sessionId":"377d1b","runId":"run_main_pre","message":"main_entered","timestamp":1776948424647}
{"data":{"activeProfiles":"","contextId":"Practical_training","datasourceUrl":"jdbc:mysql://localhost:3306/game?useSSL=false&allowPublicKeyRetrieval=true&serverTimezone=UTC&characterEncoding=utf8"},"hypothesisId":"H1_started_event","location":"StartupLifecycleLogger:onStarted","sessionId":"377d1b","runId":"run_startup","message":"application_started_event","timestamp":1776948426931}
{"data":{"flywayEnabled":"true","serverPort":"8080"},"hypothesisId":"E_other_startup","location":"StartupInstrumentationListener:onApplicationReady","sessionId":"377d1b","runId":"pre-debug","message":"application_ready","timestamp":1776948426940}
{"data":{"contextId":"Practical_training"},"hypothesisId":"H2_ready_event","location":"StartupLifecycleLogger:onReady","sessionId":"377d1b","runId":"run_startup","message":"application_ready_event","timestamp":1776948426941}
{"data":{"exceptionType":"org.springframework.boot.devtools.restart.SilentExitExceptionHandler$SilentExitException","rootCauseChain":"org.springframework.boot.devtools.restart.SilentExitExceptionHandler$SilentExitException:","exceptionMessage":"org.springframework.boot.devtools.restart.SilentExitExceptionHandler$SilentExitException"},"hypothesisId":"E_other_startup_main_caught","location":"PracticalTrainingApplication:main","sessionId":"377d1b","runId":"run_main_caught","message":"main_caught_exception","timestamp":1776948426945}
{"data":{"contextId":"Practical_training"},"hypothesisId":"H3_context_closed","location":"StartupLifecycleLogger:onClosed","sessionId":"377d1b","runId":"run_startup","message":"context_closed_event","timestamp":1776950328907}
{"data":{"argCount":0},"hypothesisId":"Z_main_entry","location":"PracticalTrainingApplication:main","sessionId":"377d1b","runId":"run_main_pre","message":"main_entered","timestamp":1776959579148}
{"data":{"argCount":0},"hypothesisId":"Z_main_entry","location":"PracticalTrainingApplication:main","sessionId":"377d1b","runId":"run_main_pre","message":"main_entered","timestamp":1776959579400}
{"data":{"activeProfiles":"","contextId":"Practical_training","datasourceUrl":"jdbc:mysql://localhost:3306/game?useSSL=false&allowPublicKeyRetrieval=true&serverTimezone=UTC&characterEncoding=utf8"},"hypothesisId":"H1_started_event","location":"StartupLifecycleLogger:onStarted","sessionId":"377d1b","runId":"run_startup","message":"application_started_event","timestamp":1776959581515}
{"data":{"flywayEnabled":"true","serverPort":"8080"},"hypothesisId":"E_other_startup","location":"StartupInstrumentationListener:onApplicationReady","sessionId":"377d1b","runId":"pre-debug","message":"application_ready","timestamp":1776959581519}
{"data":{"contextId":"Practical_training"},"hypothesisId":"H2_ready_event","location":"StartupLifecycleLogger:onReady","sessionId":"377d1b","runId":"run_startup","message":"application_ready_event","timestamp":1776959581520}
{"data":{"exceptionType":"org.springframework.boot.devtools.restart.SilentExitExceptionHandler$SilentExitException","rootCauseChain":"org.springframework.boot.devtools.restart.SilentExitExceptionHandler$SilentExitException:","exceptionMessage":"org.springframework.boot.devtools.restart.SilentExitExceptionHandler$SilentExitException"},"hypothesisId":"E_other_startup_main_caught","location":"PracticalTrainingApplication:main","sessionId":"377d1b","runId":"run_main_caught","message":"main_caught_exception","timestamp":1776959581521}
{"data":{"panel":"menu","mode":"single"},"hypothesisId":"H5_panel_visibility","location":"game.js:showPanel","sessionId":"377d1b","runId":"run_ui_layout","message":"panel_switched","timestamp":1776959596181}
{"data":{"src":"./assets/audio/sfx/btn_click.wav"},"hypothesisId":"H3_audio_ready","location":"game.js:initMedia","sessionId":"377d1b","runId":"run_ui_layout","message":"click_ready","timestamp":1776959598159}
{"data":{"panel":"levels","mode":"race"},"hypothesisId":"H5_panel_visibility","location":"game.js:showPanel","sessionId":"377d1b","runId":"run_ui_layout","message":"panel_switched","timestamp":1776959600506}
{"data":{"src":"./assets/audio/sfx/btn_click.wav"},"hypothesisId":"H3_audio_ready","location":"game.js:initMedia","sessionId":"377d1b","runId":"run_ui_layout","message":"click_ready","timestamp":1776959600516}
{"data":{"mode":"race","levelId":1},"hypothesisId":"H5_panel_visibility","location":"game.js:renderLevelsForMode","sessionId":"377d1b","runId":"run_ui_layout","message":"level_clicked","timestamp":1776959601792}
{"data":{"src":"./assets/audio/sfx/btn_click.wav"},"hypothesisId":"H3_audio_ready","location":"game.js:initMedia","sessionId":"377d1b","runId":"run_ui_layout","message":"click_ready","timestamp":1776959601802}
{"data":{"panel":"menu","mode":"race"},"hypothesisId":"H5_panel_visibility","location":"game.js:showPanel","sessionId":"377d1b","runId":"run_ui_layout","message":"panel_switched","timestamp":1776959610819}
{"data":{"src":"./assets/audio/sfx/btn_click.wav"},"hypothesisId":"H3_audio_ready","location":"game.js:initMedia","sessionId":"377d1b","runId":"run_ui_layout","message":"click_ready","timestamp":1776959610848}
{"data":{"src":"./assets/audio/sfx/btn_click.wav"},"hypothesisId":"H3_audio_ready","location":"game.js:initMedia","sessionId":"377d1b","runId":"run_ui_layout","message":"click_ready","timestamp":1776959611606}
{"data":{"src":"./assets/audio/sfx/btn_click.wav"},"hypothesisId":"H3_audio_ready","location":"game.js:initMedia","sessionId":"377d1b","runId":"run_ui_layout","message":"click_ready","timestamp":1776959613131}
{"data":{"panel":"levels","mode":"coop"},"hypothesisId":"H5_panel_visibility","location":"game.js:showPanel","sessionId":"377d1b","runId":"run_ui_layout","message":"panel_switched","timestamp":1776959615873}
{"data":{"src":"./assets/audio/sfx/btn_click.wav"},"hypothesisId":"H3_audio_ready","location":"game.js:initMedia","sessionId":"377d1b","runId":"run_ui_layout","message":"click_ready","timestamp":1776959615879}
{"data":{"mode":"coop","levelId":1},"hypothesisId":"H5_panel_visibility","location":"game.js:renderLevelsForMode","sessionId":"377d1b","runId":"run_ui_layout","message":"level_clicked","timestamp":1776959617169}
{"data":{"src":"./assets/audio/sfx/btn_click.wav"},"hypothesisId":"H3_audio_ready","location":"game.js:initMedia","sessionId":"377d1b","runId":"run_ui_layout","message":"click_ready","timestamp":1776959617170}
{"data":{"panel":"menu","mode":"coop"},"hypothesisId":"H5_panel_visibility","location":"game.js:showPanel","sessionId":"377d1b","runId":"run_ui_layout","message":"panel_switched","timestamp":1776959619316}
{"data":{"src":"./assets/audio/sfx/btn_click.wav"},"hypothesisId":"H3_audio_ready","location":"game.js:initMedia","sessionId":"377d1b","runId":"run_ui_layout","message":"click_ready","timestamp":1776959619329}
{"data":{"src":"./assets/audio/sfx/btn_click.wav"},"hypothesisId":"H3_audio_ready","location":"game.js:initMedia","sessionId":"377d1b","runId":"run_ui_layout","message":"click_ready","timestamp":1776959620644}
{"data":{"panel":"levels","mode":"coop"},"hypothesisId":"H5_panel_visibility","location":"game.js:showPanel","sessionId":"377d1b","runId":"run_ui_layout","message":"panel_switched","timestamp":1776959622149}
{"data":{"src":"./assets/audio/sfx/btn_click.wav"},"hypothesisId":"H3_audio_ready","location":"game.js:initMedia","sessionId":"377d1b","runId":"run_ui_layout","message":"click_ready","timestamp":1776959622149}
{"data":{"mode":"coop","levelId":4},"hypothesisId":"H5_panel_visibility","location":"game.js:renderLevelsForMode","sessionId":"377d1b","runId":"run_ui_layout","message":"level_clicked","timestamp":1776959623068}
{"data":{"src":"./assets/audio/sfx/btn_click.wav"},"hypothesisId":"H3_audio_ready","location":"game.js:initMedia","sessionId":"377d1b","runId":"run_ui_layout","message":"click_ready","timestamp":1776959623081}
{"data":{"panel":"menu","mode":"single"},"hypothesisId":"H5_panel_visibility","location":"game.js:showPanel","sessionId":"377d1b","runId":"run_ui_layout","message":"panel_switched","timestamp":1776959645436}
{"data":{"viewportH":935,"viewportW":1699,"userAgent":"Mozilla/5.0 (Windows NT 10.0; Win64; x64) AppleWebKit/537.36 (KHTML, like Gecko) Chrome/147.0.0.0 Safari/537.36 Edg/147.0.0.0","dpr":1.5},"hypothesisId":"H1_bg_ratio","location":"game.js:init","sessionId":"377d1b","runId":"run_ui_layout","message":"client_boot","timestamp":1776959645418}
{"data":{"src":"./assets/audio/sfx/btn_click.wav"},"hypothesisId":"H3_audio_ready","location":"game.js:initMedia","sessionId":"377d1b","runId":"run_ui_layout","message":"click_ready","timestamp":1776959645456}
{"data":{"src":"./assets/audio/bgm/menu_bgm.mp3"},"hypothesisId":"H3_audio_ready","location":"game.js:initMedia","sessionId":"377d1b","runId":"run_ui_layout","message":"bgm_ready","timestamp":1776959645580}
{"data":{"panel":"settings","mode":"single"},"hypothesisId":"H5_panel_visibility","location":"game.js:showPanel","sessionId":"377d1b","runId":"run_ui_layout","message":"panel_switched","timestamp":1776959646725}
{"data":{"src":"./assets/audio/sfx/btn_click.wav"},"hypothesisId":"H3_audio_ready","location":"game.js:initMedia","sessionId":"377d1b","runId":"run_ui_layout","message":"click_ready","timestamp":1776959646746}
{"data":{"panel":"menu","mode":"single"},"hypothesisId":"H5_panel_visibility","location":"game.js:showPanel","sessionId":"377d1b","runId":"run_ui_layout","message":"panel_switched","timestamp":1776959649645}
{"data":{"src":"./assets/audio/sfx/btn_click.wav"},"hypothesisId":"H3_audio_ready","location":"game.js:initMedia","sessionId":"377d1b","runId":"run_ui_layout","message":"click_ready","timestamp":1776959649651}
{"data":{"contextId":"Practical_training"},"hypothesisId":"H3_context_closed","location":"StartupLifecycleLogger:onClosed","sessionId":"377d1b","runId":"run_startup","message":"context_closed_event","timestamp":1776959674438}
{"data":{"argCount":0},"hypothesisId":"Z_main_entry","location":"PracticalTrainingApplication:main","sessionId":"377d1b","runId":"run_main_pre","message":"main_entered","timestamp":1776960367391}
{"data":{"argCount":0},"hypothesisId":"Z_main_entry","location":"PracticalTrainingApplication:main","sessionId":"377d1b","runId":"run_main_pre","message":"main_entered","timestamp":1776960367616}
{"data":{"activeProfiles":"","contextId":"Practical_training","datasourceUrl":"jdbc:mysql://localhost:3306/game?useSSL=false&allowPublicKeyRetrieval=true&serverTimezone=UTC&characterEncoding=utf8"},"hypothesisId":"H1_started_event","location":"StartupLifecycleLogger:onStarted","sessionId":"377d1b","runId":"run_startup","message":"application_started_event","timestamp":1776960370158}
{"data":{"flywayEnabled":"true","serverPort":"8080"},"hypothesisId":"E_other_startup","location":"StartupInstrumentationListener:onApplicationReady","sessionId":"377d1b","runId":"pre-debug","message":"application_ready","timestamp":1776960370161}
{"data":{"contextId":"Practical_training"},"hypothesisId":"H2_ready_event","location":"StartupLifecycleLogger:onReady","sessionId":"377d1b","runId":"run_startup","message":"application_ready_event","timestamp":1776960370161}
{"data":{"exceptionType":"org.springframework.boot.devtools.restart.SilentExitExceptionHandler$SilentExitException","rootCauseChain":"org.springframework.boot.devtools.restart.SilentExitExceptionHandler$SilentExitException:","exceptionMessage":"org.springframework.boot.devtools.restart.SilentExitExceptionHandler$SilentExitException"},"hypothesisId":"E_other_startup_main_caught","location":"PracticalTrainingApplication:main","sessionId":"377d1b","runId":"run_main_caught","message":"main_caught_exception","timestamp":1776960370163}
{"data":{"src":"./assets/audio/sfx/btn_click.wav"},"hypothesisId":"H3_audio_ready","location":"game.js:initMedia","sessionId":"377d1b","runId":"run_ui_layout","message":"click_ready","timestamp":1776960375486}
{"data":{"src":"./assets/audio/bgm/menu_bgm.mp3"},"hypothesisId":"H3_audio_ready","location":"game.js:initMedia","sessionId":"377d1b","runId":"run_ui_layout","message":"bgm_ready","timestamp":1776960375485}
{"data":{"panel":"menu","mode":"single"},"hypothesisId":"H5_panel_visibility","location":"game.js:showPanel","sessionId":"377d1b","runId":"run_ui_layout","message":"panel_switched","timestamp":1776960375486}
{"data":{"viewportH":935,"viewportW":1699,"userAgent":"Mozilla/5.0 (Windows NT 10.0; Win64; x64) AppleWebKit/537.36 (KHTML, like Gecko) Chrome/147.0.0.0 Safari/537.36 Edg/147.0.0.0","dpr":1.5},"hypothesisId":"H1_bg_ratio","location":"game.js:init","sessionId":"377d1b","runId":"run_ui_layout","message":"client_boot","timestamp":1776960375487}
{"data":{"panel":"levels","mode":"single"},"hypothesisId":"H5_panel_visibility","location":"game.js:showPanel","sessionId":"377d1b","runId":"run_ui_layout","message":"panel_switched","timestamp":1776960376653}
{"data":{"src":"./assets/audio/sfx/btn_click.wav"},"hypothesisId":"H3_audio_ready","location":"game.js:initMedia","sessionId":"377d1b","runId":"run_ui_layout","message":"click_ready","timestamp":1776960376658}
{"data":{"mode":"single","levelId":6},"hypothesisId":"H5_panel_visibility","location":"game.js:renderLevelsForMode","sessionId":"377d1b","runId":"run_ui_layout","message":"level_clicked","timestamp":1776960454358}
{"data":{"src":"./assets/audio/sfx/btn_click.wav"},"hypothesisId":"H3_audio_ready","location":"game.js:initMedia","sessionId":"377d1b","runId":"run_ui_layout","message":"click_ready","timestamp":1776960454389}
{"data":{"panel":"menu","mode":"single"},"hypothesisId":"H5_panel_visibility","location":"game.js:showPanel","sessionId":"377d1b","runId":"run_ui_layout","message":"panel_switched","timestamp":1776960485568}
{"data":{"src":"./assets/audio/sfx/btn_click.wav"},"hypothesisId":"H3_audio_ready","location":"game.js:initMedia","sessionId":"377d1b","runId":"run_ui_layout","message":"click_ready","timestamp":1776960485587}
{"data":{"contextId":"Practical_training"},"hypothesisId":"H3_context_closed","location":"StartupLifecycleLogger:onClosed","sessionId":"377d1b","runId":"run_startup","message":"context_closed_event","timestamp":1776960754866}
{"data":{"argCount":0},"hypothesisId":"Z_main_entry","location":"PracticalTrainingApplication:main","sessionId":"377d1b","runId":"run_main_pre","message":"main_entered","timestamp":1776961257765}
{"data":{"argCount":0},"hypothesisId":"Z_main_entry","location":"PracticalTrainingApplication:main","sessionId":"377d1b","runId":"run_main_pre","message":"main_entered","timestamp":1776961257942}
{"data":{"activeProfiles":"","contextId":"Practical_training","datasourceUrl":"jdbc:mysql://localhost:3306/game?useSSL=false&allowPublicKeyRetrieval=true&serverTimezone=UTC&characterEncoding=utf8"},"hypothesisId":"H1_started_event","location":"StartupLifecycleLogger:onStarted","sessionId":"377d1b","runId":"run_startup","message":"application_started_event","timestamp":1776961259771}
{"data":{"flywayEnabled":"true","serverPort":"8080"},"hypothesisId":"E_other_startup","location":"StartupInstrumentationListener:onApplicationReady","sessionId":"377d1b","runId":"pre-debug","message":"application_ready","timestamp":1776961259774}
{"data":{"contextId":"Practical_training"},"hypothesisId":"H2_ready_event","location":"StartupLifecycleLogger:onReady","sessionId":"377d1b","runId":"run_startup","message":"application_ready_event","timestamp":1776961259774}
{"data":{"exceptionType":"org.springframework.boot.devtools.restart.SilentExitExceptionHandler$SilentExitException","rootCauseChain":"org.springframework.boot.devtools.restart.SilentExitExceptionHandler$SilentExitException:","exceptionMessage":"org.springframework.boot.devtools.restart.SilentExitExceptionHandler$SilentExitException"},"hypothesisId":"E_other_startup_main_caught","location":"PracticalTrainingApplication:main","sessionId":"377d1b","runId":"run_main_caught","message":"main_caught_exception","timestamp":1776961259776}
{"data":{"src":"./assets/audio/sfx/btn_click.wav"},"hypothesisId":"H3_audio_ready","location":"game.js:initMedia","sessionId":"377d1b","runId":"run_ui_layout","message":"click_ready","timestamp":1776961266103}
{"data":{"panel":"menu","mode":"single"},"hypothesisId":"H5_panel_visibility","location":"game.js:showPanel","sessionId":"377d1b","runId":"run_ui_layout","message":"panel_switched","timestamp":1776961266103}
{"data":{"viewportH":935,"viewportW":1699,"userAgent":"Mozilla/5.0 (Windows NT 10.0; Win64; x64) AppleWebKit/537.36 (KHTML, like Gecko) Chrome/147.0.0.0 Safari/537.36 Edg/147.0.0.0","dpr":1.5},"hypothesisId":"H1_bg_ratio","location":"game.js:init","sessionId":"377d1b","runId":"run_ui_layout","message":"client_boot","timestamp":1776961266103}
{"data":{"src":"./assets/audio/bgm/menu_bgm.mp3"},"hypothesisId":"H3_audio_ready","location":"game.js:initMedia","sessionId":"377d1b","runId":"run_ui_layout","message":"bgm_ready","timestamp":1776961266198}
{"data":{"src":"./assets/audio/sfx/btn_click.wav"},"hypothesisId":"H3_audio_ready","location":"game.js:initMedia","sessionId":"377d1b","runId":"run_ui_layout","message":"click_ready","timestamp":1776961269316}
{"data":{"panel":"levels","mode":"coop"},"hypothesisId":"H5_panel_visibility","location":"game.js:showPanel","sessionId":"377d1b","runId":"run_ui_layout","message":"panel_switched","timestamp":1776961271733}
{"data":{"src":"./assets/audio/sfx/btn_click.wav"},"hypothesisId":"H3_audio_ready","location":"game.js:initMedia","sessionId":"377d1b","runId":"run_ui_layout","message":"click_ready","timestamp":1776961271747}
{"data":{"mode":"coop","levelId":1},"hypothesisId":"H5_panel_visibility","location":"game.js:renderLevelsForMode","sessionId":"377d1b","runId":"run_ui_layout","message":"level_clicked","timestamp":1776961272829}
{"data":{"src":"./assets/audio/sfx/btn_click.wav"},"hypothesisId":"H3_audio_ready","location":"game.js:initMedia","sessionId":"377d1b","runId":"run_ui_layout","message":"click_ready","timestamp":1776961272829}
{"data":{"panel":"menu","mode":"coop"},"hypothesisId":"H5_panel_visibility","location":"game.js:showPanel","sessionId":"377d1b","runId":"run_ui_layout","message":"panel_switched","timestamp":1776961285619}
{"data":{"src":"./assets/audio/sfx/btn_click.wav"},"hypothesisId":"H3_audio_ready","location":"game.js:initMedia","sessionId":"377d1b","runId":"run_ui_layout","message":"click_ready","timestamp":1776961285629}
{"data":{"panel":"settings","mode":"coop"},"hypothesisId":"H5_panel_visibility","location":"game.js:showPanel","sessionId":"377d1b","runId":"run_ui_layout","message":"panel_switched","timestamp":1776961288160}
{"data":{"src":"./assets/audio/sfx/btn_click.wav"},"hypothesisId":"H3_audio_ready","location":"game.js:initMedia","sessionId":"377d1b","runId":"run_ui_layout","message":"click_ready","timestamp":1776961288176}
{"data":{"panel":"menu","mode":"coop"},"hypothesisId":"H5_panel_visibility","location":"game.js:showPanel","sessionId":"377d1b","runId":"run_ui_layout","message":"panel_switched","timestamp":1776961290874}
{"data":{"src":"./assets/audio/sfx/btn_click.wav"},"hypothesisId":"H3_audio_ready","location":"game.js:initMedia","sessionId":"377d1b","runId":"run_ui_layout","message":"click_ready","timestamp":1776961290882}
{"data":{"contextId":"Practical_training"},"hypothesisId":"H3_context_closed","location":"StartupLifecycleLogger:onClosed","sessionId":"377d1b","runId":"run_startup","message":"context_closed_event","timestamp":1776961422125}
{"data":{"argCount":0},"hypothesisId":"Z_main_entry","location":"PracticalTrainingApplication:main","sessionId":"377d1b","runId":"run_main_pre","message":"main_entered","timestamp":1776962063596}
{"data":{"argCount":0},"hypothesisId":"Z_main_entry","location":"PracticalTrainingApplication:main","sessionId":"377d1b","runId":"run_main_pre","message":"main_entered","timestamp":1776962063809}
{"data":{"activeProfiles":"","contextId":"Practical_training","datasourceUrl":"jdbc:mysql://localhost:3306/game?useSSL=false&allowPublicKeyRetrieval=true&serverTimezone=UTC&characterEncoding=utf8"},"hypothesisId":"H1_started_event","location":"StartupLifecycleLogger:onStarted","sessionId":"377d1b","runId":"run_startup","message":"application_started_event","timestamp":1776962065694}
{"data":{"flywayEnabled":"true","serverPort":"8080"},"hypothesisId":"E_other_startup","location":"StartupInstrumentationListener:onApplicationReady","sessionId":"377d1b","runId":"pre-debug","message":"application_ready","timestamp":1776962065697}
{"data":{"contextId":"Practical_training"},"hypothesisId":"H2_ready_event","location":"StartupLifecycleLogger:onReady","sessionId":"377d1b","runId":"run_startup","message":"application_ready_event","timestamp":1776962065698}
{"data":{"exceptionType":"org.springframework.boot.devtools.restart.SilentExitExceptionHandler$SilentExitException","rootCauseChain":"org.springframework.boot.devtools.restart.SilentExitExceptionHandler$SilentExitException:","exceptionMessage":"org.springframework.boot.devtools.restart.SilentExitExceptionHandler$SilentExitException"},"hypothesisId":"E_other_startup_main_caught","location":"PracticalTrainingApplication:main","sessionId":"377d1b","runId":"run_main_caught","message":"main_caught_exception","timestamp":1776962065699}
{"data":{"src":"./assets/audio/sfx/btn_click.wav"},"hypothesisId":"H3_audio_ready","location":"game.js:initMedia","sessionId":"377d1b","runId":"run_ui_layout","message":"click_ready","timestamp":1776962070427}
{"data":{"panel":"menu","mode":"single"},"hypothesisId":"H5_panel_visibility","location":"game.js:showPanel","sessionId":"377d1b","runId":"run_ui_layout","message":"panel_switched","timestamp":1776962070427}
{"data":{"src":"./assets/audio/bgm/menu_bgm.mp3"},"hypothesisId":"H3_audio_ready","location":"game.js:initMedia","sessionId":"377d1b","runId":"run_ui_layout","message":"bgm_ready","timestamp":1776962070427}
{"data":{"viewportH":935,"viewportW":1699,"userAgent":"Mozilla/5.0 (Windows NT 10.0; Win64; x64) AppleWebKit/537.36 (KHTML, like Gecko) Chrome/147.0.0.0 Safari/537.36 Edg/147.0.0.0","dpr":1.5},"hypothesisId":"H1_bg_ratio","location":"game.js:init","sessionId":"377d1b","runId":"run_ui_layout","message":"client_boot","timestamp":1776962070427}
{"data":{"panel":"levels","mode":"single"},"hypothesisId":"H5_panel_visibility","location":"game.js:showPanel","sessionId":"377d1b","runId":"run_ui_layout","message":"panel_switched","timestamp":1776962072961}
{"data":{"src":"./assets/audio/sfx/btn_click.wav"},"hypothesisId":"H3_audio_ready","location":"game.js:initMedia","sessionId":"377d1b","runId":"run_ui_layout","message":"click_ready","timestamp":1776962072965}
{"data":{"mode":"single","levelId":5},"hypothesisId":"H5_panel_visibility","location":"game.js:renderLevelsForMode","sessionId":"377d1b","runId":"run_ui_layout","message":"level_clicked","timestamp":1776962075133}
{"data":{"src":"./assets/audio/sfx/btn_click.wav"},"hypothesisId":"H3_audio_ready","location":"game.js:initMedia","sessionId":"377d1b","runId":"run_ui_layout","message":"click_ready","timestamp":1776962075137}
{"data":{"panel":"menu","mode":"single"},"hypothesisId":"H5_panel_visibility","location":"game.js:showPanel","sessionId":"377d1b","runId":"run_ui_layout","message":"panel_switched","timestamp":1776962077266}
{"data":{"src":"./assets/audio/sfx/btn_click.wav"},"hypothesisId":"H3_audio_ready","location":"game.js:initMedia","sessionId":"377d1b","runId":"run_ui_layout","message":"click_ready","timestamp":1776962077283}
{"data":{"src":"./assets/audio/sfx/btn_click.wav"},"hypothesisId":"H3_audio_ready","location":"game.js:initMedia","sessionId":"377d1b","runId":"run_ui_layout","message":"click_ready","timestamp":1776962078065}
{"data":{"panel":"levels","mode":"single"},"hypothesisId":"H5_panel_visibility","location":"game.js:showPanel","sessionId":"377d1b","runId":"run_ui_layout","message":"panel_switched","timestamp":1776962078066}
{"data":{"mode":"single","levelId":6},"hypothesisId":"H5_panel_visibility","location":"game.js:renderLevelsForMode","sessionId":"377d1b","runId":"run_ui_layout","message":"level_clicked","timestamp":1776962078896}
{"data":{"src":"./assets/audio/sfx/btn_click.wav"},"hypothesisId":"H3_audio_ready","location":"game.js:initMedia","sessionId":"377d1b","runId":"run_ui_layout","message":"click_ready","timestamp":1776962078898}
{"data":{"panel":"menu","mode":"single"},"hypothesisId":"H5_panel_visibility","location":"game.js:showPanel","sessionId":"377d1b","runId":"run_ui_layout","message":"panel_switched","timestamp":1776962114602}
{"data":{"src":"./assets/audio/sfx/btn_click.wav"},"hypothesisId":"H3_audio_ready","location":"game.js:initMedia","sessionId":"377d1b","runId":"run_ui_layout","message":"click_ready","timestamp":1776962114618}
{"data":{"panel":"settings","mode":"single"},"hypothesisId":"H5_panel_visibility","location":"game.js:showPanel","sessionId":"377d1b","runId":"run_ui_layout","message":"panel_switched","timestamp":1776962118128}
{"data":{"src":"./assets/audio/sfx/btn_click.wav"},"hypothesisId":"H3_audio_ready","location":"game.js:initMedia","sessionId":"377d1b","runId":"run_ui_layout","message":"click_ready","timestamp":1776962118152}
{"data":{"panel":"menu","mode":"single"},"hypothesisId":"H5_panel_visibility","location":"game.js:showPanel","sessionId":"377d1b","runId":"run_ui_layout","message":"panel_switched","timestamp":1776962120676}
{"data":{"src":"./assets/audio/sfx/btn_click.wav"},"hypothesisId":"H3_audio_ready","location":"game.js:initMedia","sessionId":"377d1b","runId":"run_ui_layout","message":"click_ready","timestamp":1776962120678}
{"data":{"panel":"levels","mode":"single"},"hypothesisId":"H5_panel_visibility","location":"game.js:showPanel","sessionId":"377d1b","runId":"run_ui_layout","message":"panel_switched","timestamp":1776962121363}
{"data":{"src":"./assets/audio/sfx/btn_click.wav"},"hypothesisId":"H3_audio_ready","location":"game.js:initMedia","sessionId":"377d1b","runId":"run_ui_layout","message":"click_ready","timestamp":1776962121363}
{"data":{"src":"./assets/audio/sfx/btn_click.wav"},"hypothesisId":"H3_audio_ready","location":"game.js:initMedia","sessionId":"377d1b","runId":"run_ui_layout","message":"click_ready","timestamp":1776962121954}
{"data":{"mode":"single","levelId":1},"hypothesisId":"H5_panel_visibility","location":"game.js:renderLevelsForMode","sessionId":"377d1b","runId":"run_ui_layout","message":"level_clicked","timestamp":1776962121954}
{"data":{"panel":"menu","mode":"single"},"hypothesisId":"H5_panel_visibility","location":"game.js:showPanel","sessionId":"377d1b","runId":"run_ui_layout","message":"panel_switched","timestamp":1776962131652}
{"data":{"src":"./assets/audio/sfx/btn_click.wav"},"hypothesisId":"H3_audio_ready","location":"game.js:initMedia","sessionId":"377d1b","runId":"run_ui_layout","message":"click_ready","timestamp":1776962131663}
{"data":{"panel":"settings","mode":"single"},"hypothesisId":"H5_panel_visibility","location":"game.js:showPanel","sessionId":"377d1b","runId":"run_ui_layout","message":"panel_switched","timestamp":1776962133880}
{"data":{"src":"./assets/audio/sfx/btn_click.wav"},"hypothesisId":"H3_audio_ready","location":"game.js:initMedia","sessionId":"377d1b","runId":"run_ui_layout","message":"click_ready","timestamp":1776962133893}
{"data":{"panel":"menu","mode":"single"},"hypothesisId":"H5_panel_visibility","location":"game.js:showPanel","sessionId":"377d1b","runId":"run_ui_layout","message":"panel_switched","timestamp":1776962135309}
{"data":{"src":"./assets/audio/sfx/btn_click.wav"},"hypothesisId":"H3_audio_ready","location":"game.js:initMedia","sessionId":"377d1b","runId":"run_ui_layout","message":"click_ready","timestamp":1776962135315}
{"data":{"panel":"levels","mode":"single"},"hypothesisId":"H5_panel_visibility","location":"game.js:showPanel","sessionId":"377d1b","runId":"run_ui_layout","message":"panel_switched","timestamp":1776962135927}
{"data":{"src":"./assets/audio/sfx/btn_click.wav"},"hypothesisId":"H3_audio_ready","location":"game.js:initMedia","sessionId":"377d1b","runId":"run_ui_layout","message":"click_ready","timestamp":1776962135930}
{"data":{"mode":"single","levelId":3},"hypothesisId":"H5_panel_visibility","location":"game.js:renderLevelsForMode","sessionId":"377d1b","runId":"run_ui_layout","message":"level_clicked","timestamp":1776962136612}
{"data":{"src":"./assets/audio/sfx/btn_click.wav"},"hypothesisId":"H3_audio_ready","location":"game.js:initMedia","sessionId":"377d1b","runId":"run_ui_layout","message":"click_ready","timestamp":1776962136614}
{"data":{"panel":"menu","mode":"single"},"hypothesisId":"H5_panel_visibility","location":"game.js:showPanel","sessionId":"377d1b","runId":"run_ui_layout","message":"panel_switched","timestamp":1776962138670}
{"data":{"src":"./assets/audio/sfx/btn_click.wav"},"hypothesisId":"H3_audio_ready","location":"game.js:initMedia","sessionId":"377d1b","runId":"run_ui_layout","message":"click_ready","timestamp":1776962138680}
{"data":{"contextId":"Practical_training"},"hypothesisId":"H3_context_closed","location":"StartupLifecycleLogger:onClosed","sessionId":"377d1b","runId":"run_startup","message":"context_closed_event","timestamp":1776962144131}
{"data":{"argCount":0},"hypothesisId":"Z_main_entry","location":"PracticalTrainingApplication:main","sessionId":"377d1b","runId":"run_main_pre","message":"main_entered","timestamp":1776963954015}
{"data":{"argCount":0},"hypothesisId":"Z_main_entry","location":"PracticalTrainingApplication:main","sessionId":"377d1b","runId":"run_main_pre","message":"main_entered","timestamp":1776963954216}
{"data":{"activeProfiles":"","contextId":"Practical_training","datasourceUrl":"jdbc:mysql://localhost:3306/game?useSSL=false&allowPublicKeyRetrieval=true&serverTimezone=UTC&characterEncoding=utf8"},"hypothesisId":"H1_started_event","location":"StartupLifecycleLogger:onStarted","sessionId":"377d1b","runId":"run_startup","message":"application_started_event","timestamp":1776963956445}
{"data":{"flywayEnabled":"true","serverPort":"8080"},"hypothesisId":"E_other_startup","location":"StartupInstrumentationListener:onApplicationReady","sessionId":"377d1b","runId":"pre-debug","message":"application_ready","timestamp":1776963956449}
{"data":{"contextId":"Practical_training"},"hypothesisId":"H2_ready_event","location":"StartupLifecycleLogger:onReady","sessionId":"377d1b","runId":"run_startup","message":"application_ready_event","timestamp":1776963956450}
{"data":{"exceptionType":"org.springframework.boot.devtools.restart.SilentExitExceptionHandler$SilentExitException","rootCauseChain":"org.springframework.boot.devtools.restart.SilentExitExceptionHandler$SilentExitException:","exceptionMessage":"org.springframework.boot.devtools.restart.SilentExitExceptionHandler$SilentExitException"},"hypothesisId":"E_other_startup_main_caught","location":"PracticalTrainingApplication:main","sessionId":"377d1b","runId":"run_main_caught","message":"main_caught_exception","timestamp":1776963956452}
{"data":{"panel":"menu","mode":"single"},"hypothesisId":"H5_panel_visibility","location":"game.js:showPanel","sessionId":"377d1b","runId":"run_ui_layout","message":"panel_switched","timestamp":1776963966618}
{"data":{"panel":"levels","mode":"single"},"hypothesisId":"H5_panel_visibility","location":"game.js:showPanel","sessionId":"377d1b","runId":"run_ui_layout","message":"panel_switched","timestamp":1776963968113}
{"data":{"src":"./assets/audio/sfx/btn_click.wav"},"hypothesisId":"H3_audio_ready","location":"game.js:initMedia","sessionId":"377d1b","runId":"run_ui_layout","message":"click_ready","timestamp":1776963968126}
{"data":{"mode":"single","levelId":1},"hypothesisId":"H5_panel_visibility","location":"game.js:renderLevelsForMode","sessionId":"377d1b","runId":"run_ui_layout","message":"level_clicked","timestamp":1776963968849}
{"data":{"src":"./assets/audio/sfx/btn_click.wav"},"hypothesisId":"H3_audio_ready","location":"game.js:initMedia","sessionId":"377d1b","runId":"run_ui_layout","message":"click_ready","timestamp":1776963968855}
{"data":{"panel":"menu","mode":"single"},"hypothesisId":"H5_panel_visibility","location":"game.js:showPanel","sessionId":"377d1b","runId":"run_ui_layout","message":"panel_switched","timestamp":1776963970922}
{"data":{"src":"./assets/audio/sfx/btn_click.wav"},"hypothesisId":"H3_audio_ready","location":"game.js:initMedia","sessionId":"377d1b","runId":"run_ui_layout","message":"click_ready","timestamp":1776963970931}
{"data":{"panel":"levels","mode":"single"},"hypothesisId":"H5_panel_visibility","location":"game.js:showPanel","sessionId":"377d1b","runId":"run_ui_layout","message":"panel_switched","timestamp":1776963971614}
{"data":{"src":"./assets/audio/sfx/btn_click.wav"},"hypothesisId":"H3_audio_ready","location":"game.js:initMedia","sessionId":"377d1b","runId":"run_ui_layout","message":"click_ready","timestamp":1776963971614}
{"data":{"mode":"single","levelId":2},"hypothesisId":"H5_panel_visibility","location":"game.js:renderLevelsForMode","sessionId":"377d1b","runId":"run_ui_layout","message":"level_clicked","timestamp":1776963972152}
{"data":{"src":"./assets/audio/sfx/btn_click.wav"},"hypothesisId":"H3_audio_ready","location":"game.js:initMedia","sessionId":"377d1b","runId":"run_ui_layout","message":"click_ready","timestamp":1776963972156}
{"data":{"panel":"menu","mode":"single"},"hypothesisId":"H5_panel_visibility","location":"game.js:showPanel","sessionId":"377d1b","runId":"run_ui_layout","message":"panel_switched","timestamp":1776963974009}
{"data":{"src":"./assets/audio/sfx/btn_click.wav"},"hypothesisId":"H3_audio_ready","location":"game.js:initMedia","sessionId":"377d1b","runId":"run_ui_layout","message":"click_ready","timestamp":1776963974023}
{"data":{"panel":"settings","mode":"single"},"hypothesisId":"H5_panel_visibility","location":"game.js:showPanel","sessionId":"377d1b","runId":"run_ui_layout","message":"panel_switched","timestamp":1776963975321}
{"data":{"src":"./assets/audio/sfx/btn_click.wav"},"hypothesisId":"H3_audio_ready","location":"game.js:initMedia","sessionId":"377d1b","runId":"run_ui_layout","message":"click_ready","timestamp":1776963975338}
{"data":{"panel":"menu","mode":"single"},"hypothesisId":"H5_panel_visibility","location":"game.js:showPanel","sessionId":"377d1b","runId":"run_ui_layout","message":"panel_switched","timestamp":1776963978141}
{"data":{"src":"./assets/audio/sfx/btn_click.wav"},"hypothesisId":"H3_audio_ready","location":"game.js:initMedia","sessionId":"377d1b","runId":"run_ui_layout","message":"click_ready","timestamp":1776963978141}
{"data":{"panel":"levels","mode":"single"},"hypothesisId":"H5_panel_visibility","location":"game.js:showPanel","sessionId":"377d1b","runId":"run_ui_layout","message":"panel_switched","timestamp":1776963978865}
{"data":{"src":"./assets/audio/sfx/btn_click.wav"},"hypothesisId":"H3_audio_ready","location":"game.js:initMedia","sessionId":"377d1b","runId":"run_ui_layout","message":"click_ready","timestamp":1776963978865}
{"data":{"mode":"single","levelId":1},"hypothesisId":"H5_panel_visibility","location":"game.js:renderLevelsForMode","sessionId":"377d1b","runId":"run_ui_layout","message":"level_clicked","timestamp":1776963979508}
{"data":{"src":"./assets/audio/sfx/btn_click.wav"},"hypothesisId":"H3_audio_ready","location":"game.js:initMedia","sessionId":"377d1b","runId":"run_ui_layout","message":"click_ready","timestamp":1776963979517}
{"data":{"panel":"menu","mode":"single"},"hypothesisId":"H5_panel_visibility","location":"game.js:showPanel","sessionId":"377d1b","runId":"run_ui_layout","message":"panel_switched","timestamp":1776963981324}
{"data":{"src":"./assets/audio/sfx/btn_click.wav"},"hypothesisId":"H3_audio_ready","location":"game.js:initMedia","sessionId":"377d1b","runId":"run_ui_layout","message":"click_ready","timestamp":1776963981333}
{"data":{"panel":"levels","mode":"single"},"hypothesisId":"H5_panel_visibility","location":"game.js:showPanel","sessionId":"377d1b","runId":"run_ui_layout","message":"panel_switched","timestamp":1776963981943}
{"data":{"src":"./assets/audio/sfx/btn_click.wav"},"hypothesisId":"H3_audio_ready","location":"game.js:initMedia","sessionId":"377d1b","runId":"run_ui_layout","message":"click_ready","timestamp":1776963981945}
{"data":{"src":"./assets/audio/sfx/btn_click.wav"},"hypothesisId":"H3_audio_ready","location":"game.js:initMedia","sessionId":"377d1b","runId":"run_ui_layout","message":"click_ready","timestamp":1776963982428}
{"data":{"mode":"single","levelId":2},"hypothesisId":"H5_panel_visibility","location":"game.js:renderLevelsForMode","sessionId":"377d1b","runId":"run_ui_layout","message":"level_clicked","timestamp":1776963982428}
{"data":{"panel":"menu","mode":"single"},"hypothesisId":"H5_panel_visibility","location":"game.js:showPanel","sessionId":"377d1b","runId":"run_ui_layout","message":"panel_switched","timestamp":1776963984444}
{"data":{"src":"./assets/audio/sfx/btn_click.wav"},"hypothesisId":"H3_audio_ready","location":"game.js:initMedia","sessionId":"377d1b","runId":"run_ui_layout","message":"click_ready","timestamp":1776963984445}
{"data":{"panel":"levels","mode":"single"},"hypothesisId":"H5_panel_visibility","location":"game.js:showPanel","sessionId":"377d1b","runId":"run_ui_layout","message":"panel_switched","timestamp":1776963985072}
{"data":{"src":"./assets/audio/sfx/btn_click.wav"},"hypothesisId":"H3_audio_ready","location":"game.js:initMedia","sessionId":"377d1b","runId":"run_ui_layout","message":"click_ready","timestamp":1776963985081}
{"data":{"mode":"single","levelId":3},"hypothesisId":"H5_panel_visibility","location":"game.js:renderLevelsForMode","sessionId":"377d1b","runId":"run_ui_layout","message":"level_clicked","timestamp":1776963985563}
{"data":{"src":"./assets/audio/sfx/btn_click.wav"},"hypothesisId":"H3_audio_ready","location":"game.js:initMedia","sessionId":"377d1b","runId":"run_ui_layout","message":"click_ready","timestamp":1776963985563}
{"data":{"panel":"menu","mode":"single"},"hypothesisId":"H5_panel_visibility","location":"game.js:showPanel","sessionId":"377d1b","runId":"run_ui_layout","message":"panel_switched","timestamp":1776963991197}
{"data":{"src":"./assets/audio/sfx/btn_click.wav"},"hypothesisId":"H3_audio_ready","location":"game.js:initMedia","sessionId":"377d1b","runId":"run_ui_layout","message":"click_ready","timestamp":1776963991197}
{"data":{"src":"./assets/audio/sfx/btn_click.wav"},"hypothesisId":"H3_audio_ready","location":"game.js:initMedia","sessionId":"377d1b","runId":"run_ui_layout","message":"click_ready","timestamp":1776963991798}
{"data":{"panel":"levels","mode":"single"},"hypothesisId":"H5_panel_visibility","location":"game.js:showPanel","sessionId":"377d1b","runId":"run_ui_layout","message":"panel_switched","timestamp":1776963991798}
{"data":{"mode":"single","levelId":4},"hypothesisId":"H5_panel_visibility","location":"game.js:renderLevelsForMode","sessionId":"377d1b","runId":"run_ui_layout","message":"level_clicked","timestamp":1776963992302}
{"data":{"src":"./assets/audio/sfx/btn_click.wav"},"hypothesisId":"H3_audio_ready","location":"game.js:initMedia","sessionId":"377d1b","runId":"run_ui_layout","message":"click_ready","timestamp":1776963992311}
{"data":{"panel":"menu","mode":"single"},"hypothesisId":"H5_panel_visibility","location":"game.js:showPanel","sessionId":"377d1b","runId":"run_ui_layout","message":"panel_switched","timestamp":1776963994292}
{"data":{"src":"./assets/audio/sfx/btn_click.wav"},"hypothesisId":"H3_audio_ready","location":"game.js:initMedia","sessionId":"377d1b","runId":"run_ui_layout","message":"click_ready","timestamp":1776963994300}
{"data":{"panel":"levels","mode":"single"},"hypothesisId":"H5_panel_visibility","location":"game.js:showPanel","sessionId":"377d1b","runId":"run_ui_layout","message":"panel_switched","timestamp":1776963994938}
{"data":{"src":"./assets/audio/sfx/btn_click.wav"},"hypothesisId":"H3_audio_ready","location":"game.js:initMedia","sessionId":"377d1b","runId":"run_ui_layout","message":"click_ready","timestamp":1776963994938}
{"data":{"src":"./assets/audio/sfx/btn_click.wav"},"hypothesisId":"H3_audio_ready","location":"game.js:initMedia","sessionId":"377d1b","runId":"run_ui_layout","message":"click_ready","timestamp":1776963996073}
{"data":{"mode":"single","levelId":3},"hypothesisId":"H5_panel_visibility","location":"game.js:renderLevelsForMode","sessionId":"377d1b","runId":"run_ui_layout","message":"level_clicked","timestamp":1776963996073}
{"data":{"src":"./assets/audio/sfx/btn_click.wav"},"hypothesisId":"H3_audio_ready","location":"game.js:initMedia","sessionId":"377d1b","runId":"run_ui_layout","message":"click_ready","timestamp":1776963997308}
{"data":{"panel":"menu","mode":"single"},"hypothesisId":"H5_panel_visibility","location":"game.js:showPanel","sessionId":"377d1b","runId":"run_ui_layout","message":"panel_switched","timestamp":1776963997308}
{"data":{"panel":"levels","mode":"single"},"hypothesisId":"H5_panel_visibility","location":"game.js:showPanel","sessionId":"377d1b","runId":"run_ui_layout","message":"panel_switched","timestamp":1776963997896}
{"data":{"src":"./assets/audio/sfx/btn_click.wav"},"hypothesisId":"H3_audio_ready","location":"game.js:initMedia","sessionId":"377d1b","runId":"run_ui_layout","message":"click_ready","timestamp":1776963997899}
{"data":{"mode":"single","levelId":5},"hypothesisId":"H5_panel_visibility","location":"game.js:renderLevelsForMode","sessionId":"377d1b","runId":"run_ui_layout","message":"level_clicked","timestamp":1776963998561}
{"data":{"src":"./assets/audio/sfx/btn_click.wav"},"hypothesisId":"H3_audio_ready","location":"game.js:initMedia","sessionId":"377d1b","runId":"run_ui_layout","message":"click_ready","timestamp":1776964000019}
{"data":{"mode":"single","levelId":6},"hypothesisId":"H5_panel_visibility","location":"game.js:renderLevelsForMode","sessionId":"377d1b","runId":"run_ui_layout","message":"level_clicked","timestamp":1776964000564}
{"data":{"src":"./assets/audio/sfx/btn_click.wav"},"hypothesisId":"H3_audio_ready","location":"game.js:initMedia","sessionId":"377d1b","runId":"run_ui_layout","message":"click_ready","timestamp":1776964000564}
{"data":{"panel":"menu","mode":"single"},"hypothesisId":"H5_panel_visibility","location":"game.js:showPanel","sessionId":"377d1b","runId":"run_ui_layout","message":"panel_switched","timestamp":1776964003440}
{"data":{"src":"./assets/audio/sfx/btn_click.wav"},"hypothesisId":"H3_audio_ready","location":"game.js:initMedia","sessionId":"377d1b","runId":"run_ui_layout","message":"click_ready","timestamp":1776964003452}
{"data":{"panel":"levels","mode":"single"},"hypothesisId":"H5_panel_visibility","location":"game.js:showPanel","sessionId":"377d1b","runId":"run_ui_layout","message":"panel_switched","timestamp":1776964004319}
{"data":{"src":"./assets/audio/sfx/btn_click.wav"},"hypothesisId":"H3_audio_ready","location":"game.js:initMedia","sessionId":"377d1b","runId":"run_ui_layout","message":"click_ready","timestamp":1776964004320}
{"data":{"mode":"single","levelId":7},"hypothesisId":"H5_panel_visibility","location":"game.js:renderLevelsForMode","sessionId":"377d1b","runId":"run_ui_layout","message":"level_clicked","timestamp":1776964004903}
{"data":{"src":"./assets/audio/sfx/btn_click.wav"},"hypothesisId":"H3_audio_ready","location":"game.js:initMedia","sessionId":"377d1b","runId":"run_ui_layout","message":"click_ready","timestamp":1776964006593}
{"data":{"mode":"single","levelId":8},"hypothesisId":"H5_panel_visibility","location":"game.js:renderLevelsForMode","sessionId":"377d1b","runId":"run_ui_layout","message":"level_clicked","timestamp":1776964007222}
{"data":{"src":"./assets/audio/sfx/btn_click.wav"},"hypothesisId":"H3_audio_ready","location":"game.js:initMedia","sessionId":"377d1b","runId":"run_ui_layout","message":"click_ready","timestamp":1776964007237}
{"data":{"panel":"menu","mode":"single"},"hypothesisId":"H5_panel_visibility","location":"game.js:showPanel","sessionId":"377d1b","runId":"run_ui_layout","message":"panel_switched","timestamp":1776964009918}
{"data":{"src":"./assets/audio/sfx/btn_click.wav"},"hypothesisId":"H3_audio_ready","location":"game.js:initMedia","sessionId":"377d1b","runId":"run_ui_layout","message":"click_ready","timestamp":1776964009918}
{"data":{"src":"./assets/audio/sfx/btn_click.wav"},"hypothesisId":"H3_audio_ready","location":"game.js:initMedia","sessionId":"377d1b","runId":"run_ui_layout","message":"click_ready","timestamp":1776964010929}
{"data":{"panel":"levels","mode":"coop"},"hypothesisId":"H5_panel_visibility","location":"game.js:showPanel","sessionId":"377d1b","runId":"run_ui_layout","message":"panel_switched","timestamp":1776964012627}
{"data":{"src":"./assets/audio/sfx/btn_click.wav"},"hypothesisId":"H3_audio_ready","location":"game.js:initMedia","sessionId":"377d1b","runId":"run_ui_layout","message":"click_ready","timestamp":1776964012635}
{"data":{"mode":"coop","levelId":1},"hypothesisId":"H5_panel_visibility","location":"game.js:renderLevelsForMode","sessionId":"377d1b","runId":"run_ui_layout","message":"level_clicked","timestamp":1776964013428}
{"data":{"src":"./assets/audio/sfx/btn_click.wav"},"hypothesisId":"H3_audio_ready","location":"game.js:initMedia","sessionId":"377d1b","runId":"run_ui_layout","message":"click_ready","timestamp":1776964013429}
{"data":{"src":"./assets/audio/sfx/fall_death.wav"},"hypothesisId":"H3_audio_ready","location":"game.js:initMedia","sessionId":"377d1b","runId":"run_ui_layout","message":"fall_death_ready","timestamp":1776964013779}
{"data":{"panel":"menu","mode":"coop"},"hypothesisId":"H5_panel_visibility","location":"game.js:showPanel","sessionId":"377d1b","runId":"run_ui_layout","message":"panel_switched","timestamp":1776964015501}
{"data":{"src":"./assets/audio/sfx/btn_click.wav"},"hypothesisId":"H3_audio_ready","location":"game.js:initMedia","sessionId":"377d1b","runId":"run_ui_layout","message":"click_ready","timestamp":1776964015512}
{"data":{"src":"./assets/audio/sfx/btn_click.wav"},"hypothesisId":"H3_audio_ready","location":"game.js:initMedia","sessionId":"377d1b","runId":"run_ui_layout","message":"click_ready","timestamp":1776964016490}
{"data":{"panel":"levels","mode":"coop"},"hypothesisId":"H5_panel_visibility","location":"game.js:showPanel","sessionId":"377d1b","runId":"run_ui_layout","message":"panel_switched","timestamp":1776964017766}
{"data":{"src":"./assets/audio/sfx/btn_click.wav"},"hypothesisId":"H3_audio_ready","location":"game.js:initMedia","sessionId":"377d1b","runId":"run_ui_layout","message":"click_ready","timestamp":1776964017771}
{"data":{"mode":"coop","levelId":2},"hypothesisId":"H5_panel_visibility","location":"game.js:renderLevelsForMode","sessionId":"377d1b","runId":"run_ui_layout","message":"level_clicked","timestamp":1776964020036}
{"data":{"src":"./assets/audio/sfx/btn_click.wav"},"hypothesisId":"H3_audio_ready","location":"game.js:initMedia","sessionId":"377d1b","runId":"run_ui_layout","message":"click_ready","timestamp":1776964020047}
{"data":{"src":"./assets/audio/sfx/fall_death.wav"},"hypothesisId":"H3_audio_ready","location":"game.js:initMedia","sessionId":"377d1b","runId":"run_ui_layout","message":"fall_death_ready","timestamp":1776964020366}
{"data":{"panel":"menu","mode":"coop"},"hypothesisId":"H5_panel_visibility","location":"game.js:showPanel","sessionId":"377d1b","runId":"run_ui_layout","message":"panel_switched","timestamp":1776964023776}
{"data":{"src":"./assets/audio/sfx/btn_click.wav"},"hypothesisId":"H3_audio_ready","location":"game.js:initMedia","sessionId":"377d1b","runId":"run_ui_layout","message":"click_ready","timestamp":1776964023788}
{"data":{"src":"./assets/audio/sfx/btn_click.wav"},"hypothesisId":"H3_audio_ready","location":"game.js:initMedia","sessionId":"377d1b","runId":"run_ui_layout","message":"click_ready","timestamp":1776964024742}
{"data":{"panel":"levels","mode":"race"},"hypothesisId":"H5_panel_visibility","location":"game.js:showPanel","sessionId":"377d1b","runId":"run_ui_layout","message":"panel_switched","timestamp":1776964025837}
{"data":{"src":"./assets/audio/sfx/btn_click.wav"},"hypothesisId":"H3_audio_ready","location":"game.js:initMedia","sessionId":"377d1b","runId":"run_ui_layout","message":"click_ready","timestamp":1776964025849}
{"data":{"mode":"race","levelId":1},"hypothesisId":"H5_panel_visibility","location":"game.js:renderLevelsForMode","sessionId":"377d1b","runId":"run_ui_layout","message":"level_clicked","timestamp":1776964026816}
{"data":{"src":"./assets/audio/sfx/btn_click.wav"},"hypothesisId":"H3_audio_ready","location":"game.js:initMedia","sessionId":"377d1b","runId":"run_ui_layout","message":"click_ready","timestamp":1776964026820}
{"data":{"panel":"menu","mode":"race"},"hypothesisId":"H5_panel_visibility","location":"game.js:showPanel","sessionId":"377d1b","runId":"run_ui_layout","message":"panel_switched","timestamp":1776964029149}
{"data":{"src":"./assets/audio/sfx/btn_click.wav"},"hypothesisId":"H3_audio_ready","location":"game.js:initMedia","sessionId":"377d1b","runId":"run_ui_layout","message":"click_ready","timestamp":1776964029160}
{"data":{"src":"./assets/audio/sfx/btn_click.wav"},"hypothesisId":"H3_audio_ready","location":"game.js:initMedia","sessionId":"377d1b","runId":"run_ui_layout","message":"click_ready","timestamp":1776964030301}
{"data":{"panel":"levels","mode":"race"},"hypothesisId":"H5_panel_visibility","location":"game.js:showPanel","sessionId":"377d1b","runId":"run_ui_layout","message":"panel_switched","timestamp":1776964031331}
{"data":{"src":"./assets/audio/sfx/btn_click.wav"},"hypothesisId":"H3_audio_ready","location":"game.js:initMedia","sessionId":"377d1b","runId":"run_ui_layout","message":"click_ready","timestamp":1776964031333}
{"data":{"mode":"race","levelId":2},"hypothesisId":"H5_panel_visibility","location":"game.js:renderLevelsForMode","sessionId":"377d1b","runId":"run_ui_layout","message":"level_clicked","timestamp":1776964032074}
{"data":{"src":"./assets/audio/sfx/btn_click.wav"},"hypothesisId":"H3_audio_ready","location":"game.js:initMedia","sessionId":"377d1b","runId":"run_ui_layout","message":"click_ready","timestamp":1776964032078}
{"data":{"panel":"menu","mode":"race"},"hypothesisId":"H5_panel_visibility","location":"game.js:showPanel","sessionId":"377d1b","runId":"run_ui_layout","message":"panel_switched","timestamp":1776964034424}
{"data":{"src":"./assets/audio/sfx/btn_click.wav"},"hypothesisId":"H3_audio_ready","location":"game.js:initMedia","sessionId":"377d1b","runId":"run_ui_layout","message":"click_ready","timestamp":1776964034439}
{"data":{"src":"./assets/audio/sfx/btn_click.wav"},"hypothesisId":"H3_audio_ready","location":"game.js:initMedia","sessionId":"377d1b","runId":"run_ui_layout","message":"click_ready","timestamp":1776964035472}
{"data":{"panel":"levels","mode":"race"},"hypothesisId":"H5_panel_visibility","location":"game.js:showPanel","sessionId":"377d1b","runId":"run_ui_layout","message":"panel_switched","timestamp":1776964036524}
{"data":{"src":"./assets/audio/sfx/btn_click.wav"},"hypothesisId":"H3_audio_ready","location":"game.js:initMedia","sessionId":"377d1b","runId":"run_ui_layout","message":"click_ready","timestamp":1776964036526}
{"data":{"mode":"race","levelId":3},"hypothesisId":"H5_panel_visibility","location":"game.js:renderLevelsForMode","sessionId":"377d1b","runId":"run_ui_layout","message":"level_clicked","timestamp":1776964037221}
{"data":{"src":"./assets/audio/sfx/btn_click.wav"},"hypothesisId":"H3_audio_ready","location":"game.js:initMedia","sessionId":"377d1b","runId":"run_ui_layout","message":"click_ready","timestamp":1776964037225}
{"data":{"panel":"menu","mode":"race"},"hypothesisId":"H5_panel_visibility","location":"game.js:showPanel","sessionId":"377d1b","runId":"run_ui_layout","message":"panel_switched","timestamp":1776964042221}
{"data":{"src":"./assets/audio/sfx/btn_click.wav"},"hypothesisId":"H3_audio_ready","location":"game.js:initMedia","sessionId":"377d1b","runId":"run_ui_layout","message":"click_ready","timestamp":1776964042237}
{"data":{"panel":"settings","mode":"race"},"hypothesisId":"H5_panel_visibility","location":"game.js:showPanel","sessionId":"377d1b","runId":"run_ui_layout","message":"panel_switched","timestamp":1776964044025}
{"data":{"src":"./assets/audio/sfx/btn_click.wav"},"hypothesisId":"H3_audio_ready","location":"game.js:initMedia","sessionId":"377d1b","runId":"run_ui_layout","message":"click_ready","timestamp":1776964044034}
{"data":{"panel":"menu","mode":"race"},"hypothesisId":"H5_panel_visibility","location":"game.js:showPanel","sessionId":"377d1b","runId":"run_ui_layout","message":"panel_switched","timestamp":1776964048928}
{"data":{"src":"./assets/audio/sfx/btn_click.wav"},"hypothesisId":"H3_audio_ready","location":"game.js:initMedia","sessionId":"377d1b","runId":"run_ui_layout","message":"click_ready","timestamp":1776964048934}
{"data":{"panel":"settings","mode":"race"},"hypothesisId":"H5_panel_visibility","location":"game.js:showPanel","sessionId":"377d1b","runId":"run_ui_layout","message":"panel_switched","timestamp":1776964051094}
{"data":{"src":"./assets/audio/sfx/btn_click.wav"},"hypothesisId":"H3_audio_ready","location":"game.js:initMedia","sessionId":"377d1b","runId":"run_ui_layout","message":"click_ready","timestamp":1776964051103}
{"data":{"panel":"menu","mode":"race"},"hypothesisId":"H5_panel_visibility","location":"game.js:showPanel","sessionId":"377d1b","runId":"run_ui_layout","message":"panel_switched","timestamp":1776964053180}
{"data":{"src":"./assets/audio/sfx/btn_click.wav"},"hypothesisId":"H3_audio_ready","location":"game.js:initMedia","sessionId":"377d1b","runId":"run_ui_layout","message":"click_ready","timestamp":1776964053183}
{"data":{"panel":"levels","mode":"single"},"hypothesisId":"H5_panel_visibility","location":"game.js:showPanel","sessionId":"377d1b","runId":"run_ui_layout","message":"panel_switched","timestamp":1776964054209}
{"data":{"src":"./assets/audio/sfx/btn_click.wav"},"hypothesisId":"H3_audio_ready","location":"game.js:initMedia","sessionId":"377d1b","runId":"run_ui_layout","message":"click_ready","timestamp":1776964054212}
{"data":{"mode":"single","levelId":4},"hypothesisId":"H5_panel_visibility","location":"game.js:renderLevelsForMode","sessionId":"377d1b","runId":"run_ui_layout","message":"level_clicked","timestamp":1776964054904}
{"data":{"src":"./assets/audio/sfx/btn_click.wav"},"hypothesisId":"H3_audio_ready","location":"game.js:initMedia","sessionId":"377d1b","runId":"run_ui_layout","message":"click_ready","timestamp":1776964054904}
{"data":{"panel":"menu","mode":"single"},"hypothesisId":"H5_panel_visibility","location":"game.js:showPanel","sessionId":"377d1b","runId":"run_ui_layout","message":"panel_switched","timestamp":1776964056845}
{"data":{"src":"./assets/audio/sfx/btn_click.wav"},"hypothesisId":"H3_audio_ready","location":"game.js:initMedia","sessionId":"377d1b","runId":"run_ui_layout","message":"click_ready","timestamp":1776964056857}
{"data":{"panel":"menu","mode":"single"},"hypothesisId":"H5_panel_visibility","location":"game.js:showPanel","sessionId":"377d1b","runId":"run_ui_layout","message":"panel_switched","timestamp":1776964088407}
{"data":{"viewportH":935,"viewportW":1699,"userAgent":"Mozilla/5.0 (Windows NT 10.0; Win64; x64) AppleWebKit/537.36 (KHTML, like Gecko) Chrome/147.0.0.0 Safari/537.36 Edg/147.0.0.0","dpr":1.5},"hypothesisId":"H1_bg_ratio","location":"game.js:init","sessionId":"377d1b","runId":"run_ui_layout","message":"client_boot","timestamp":1776964088398}
{"data":{"src":"./assets/audio/sfx/btn_click.wav"},"hypothesisId":"H3_audio_ready","location":"game.js:initMedia","sessionId":"377d1b","runId":"run_ui_layout","message":"click_ready","timestamp":1776964088442}
{"data":{"src":"./assets/audio/sfx/die.wav"},"hypothesisId":"H3_audio_ready","location":"game.js:initMedia","sessionId":"377d1b","runId":"run_ui_layout","message":"die_ready","timestamp":1776964088453}
{"data":{"src":"./assets/audio/sfx/fall_death.wav"},"hypothesisId":"H3_audio_ready","location":"game.js:initMedia","sessionId":"377d1b","runId":"run_ui_layout","message":"fall_death_ready","timestamp":1776964088465}
{"data":{"src":"./assets/audio/sfx/win.wav"},"hypothesisId":"H3_audio_ready","location":"game.js:initMedia","sessionId":"377d1b","runId":"run_ui_layout","message":"win_ready","timestamp":1776964088477}
{"data":{"src":"./assets/audio/bgm/menu_bgm.mp3"},"hypothesisId":"H3_audio_ready","location":"game.js:initMedia","sessionId":"377d1b","runId":"run_ui_layout","message":"bgm_ready","timestamp":1776964088501}
{"data":{"panel":"levels","mode":"single"},"hypothesisId":"H5_panel_visibility","location":"game.js:showPanel","sessionId":"377d1b","runId":"run_ui_layout","message":"panel_switched","timestamp":1776964089384}
{"data":{"src":"./assets/audio/sfx/btn_click.wav"},"hypothesisId":"H3_audio_ready","location":"game.js:initMedia","sessionId":"377d1b","runId":"run_ui_layout","message":"click_ready","timestamp":1776964089387}
{"data":{"mode":"single","levelId":2},"hypothesisId":"H5_panel_visibility","location":"game.js:renderLevelsForMode","sessionId":"377d1b","runId":"run_ui_layout","message":"level_clicked","timestamp":1776964090168}
{"data":{"src":"./assets/audio/sfx/btn_click.wav"},"hypothesisId":"H3_audio_ready","location":"game.js:initMedia","sessionId":"377d1b","runId":"run_ui_layout","message":"click_ready","timestamp":1776964090173}
{"data":{"panel":"menu","mode":"single"},"hypothesisId":"H5_panel_visibility","location":"game.js:showPanel","sessionId":"377d1b","runId":"run_ui_layout","message":"panel_switched","timestamp":1776964091568}
{"data":{"src":"./assets/audio/sfx/btn_click.wav"},"hypothesisId":"H3_audio_ready","location":"game.js:initMedia","sessionId":"377d1b","runId":"run_ui_layout","message":"click_ready","timestamp":1776964091581}
{"data":{"src":"./assets/audio/sfx/btn_click.wav"},"hypothesisId":"H3_audio_ready","location":"game.js:initMedia","sessionId":"377d1b","runId":"run_ui_layout","message":"click_ready","timestamp":1776964092217}
{"data":{"panel":"levels","mode":"single"},"hypothesisId":"H5_panel_visibility","location":"game.js:showPanel","sessionId":"377d1b","runId":"run_ui_layout","message":"panel_switched","timestamp":1776964092217}
{"data":{"mode":"single","levelId":3},"hypothesisId":"H5_panel_visibility","location":"game.js:renderLevelsForMode","sessionId":"377d1b","runId":"run_ui_layout","message":"level_clicked","timestamp":1776964092773}
{"data":{"src":"./assets/audio/sfx/btn_click.wav"},"hypothesisId":"H3_audio_ready","location":"game.js:initMedia","sessionId":"377d1b","runId":"run_ui_layout","message":"click_ready","timestamp":1776964092777}
{"data":{"panel":"menu","mode":"single"},"hypothesisId":"H5_panel_visibility","location":"game.js:showPanel","sessionId":"377d1b","runId":"run_ui_layout","message":"panel_switched","timestamp":1776964093642}
{"data":{"src":"./assets/audio/sfx/btn_click.wav"},"hypothesisId":"H3_audio_ready","location":"game.js:initMedia","sessionId":"377d1b","runId":"run_ui_layout","message":"click_ready","timestamp":1776964093642}
{"data":{"panel":"levels","mode":"single"},"hypothesisId":"H5_panel_visibility","location":"game.js:showPanel","sessionId":"377d1b","runId":"run_ui_layout","message":"panel_switched","timestamp":1776964105327}
{"data":{"src":"./assets/audio/sfx/btn_click.wav"},"hypothesisId":"H3_audio_ready","location":"game.js:initMedia","sessionId":"377d1b","runId":"run_ui_layout","message":"click_ready","timestamp":1776964105327}
{"data":{"src":"./assets/audio/sfx/btn_click.wav"},"hypothesisId":"H3_audio_ready","location":"game.js:initMedia","sessionId":"377d1b","runId":"run_ui_layout","message":"click_ready","timestamp":1776964106082}
{"data":{"mode":"single","levelId":4},"hypothesisId":"H5_panel_visibility","location":"game.js:renderLevelsForMode","sessionId":"377d1b","runId":"run_ui_layout","message":"level_clicked","timestamp":1776964106082}
{"data":{"panel":"menu","mode":"single"},"hypothesisId":"H5_panel_visibility","location":"game.js:showPanel","sessionId":"377d1b","runId":"run_ui_layout","message":"panel_switched","timestamp":1776964107355}
{"data":{"src":"./assets/audio/sfx/btn_click.wav"},"hypothesisId":"H3_audio_ready","location":"game.js:initMedia","sessionId":"377d1b","runId":"run_ui_layout","message":"click_ready","timestamp":1776964107367}
{"data":{"panel":"levels","mode":"single"},"hypothesisId":"H5_panel_visibility","location":"game.js:showPanel","sessionId":"377d1b","runId":"run_ui_layout","message":"panel_switched","timestamp":1776964107938}
{"data":{"src":"./assets/audio/sfx/btn_click.wav"},"hypothesisId":"H3_audio_ready","location":"game.js:initMedia","sessionId":"377d1b","runId":"run_ui_layout","message":"click_ready","timestamp":1776964107938}
{"data":{"mode":"single","levelId":5},"hypothesisId":"H5_panel_visibility","location":"game.js:renderLevelsForMode","sessionId":"377d1b","runId":"run_ui_layout","message":"level_clicked","timestamp":1776964108575}
{"data":{"src":"./assets/audio/sfx/btn_click.wav"},"hypothesisId":"H3_audio_ready","location":"game.js:initMedia","sessionId":"377d1b","runId":"run_ui_layout","message":"click_ready","timestamp":1776964113300}
{"data":{"viewportH":935,"viewportW":1057,"userAgent":"Mozilla/5.0 (Windows NT 10.0; Win64; x64) AppleWebKit/537.36 (KHTML, like Gecko) Chrome/147.0.0.0 Safari/537.36 Edg/147.0.0.0","dpr":1.5},"hypothesisId":"H1_bg_ratio","location":"game.js:init","sessionId":"377d1b","runId":"run_ui_layout","message":"client_boot","timestamp":1776964124625}
{"data":{"panel":"menu","mode":"single"},"hypothesisId":"H5_panel_visibility","location":"game.js:showPanel","sessionId":"377d1b","runId":"run_ui_layout","message":"panel_switched","timestamp":1776964124638}
{"data":{"src":"./assets/audio/sfx/btn_click.wav"},"hypothesisId":"H3_audio_ready","location":"game.js:initMedia","sessionId":"377d1b","runId":"run_ui_layout","message":"click_ready","timestamp":1776964124650}
{"data":{"src":"./assets/audio/sfx/fall_death.wav"},"hypothesisId":"H3_audio_ready","location":"game.js:initMedia","sessionId":"377d1b","runId":"run_ui_layout","message":"fall_death_ready","timestamp":1776964124666}
{"data":{"src":"./assets/audio/sfx/win.wav"},"hypothesisId":"H3_audio_ready","location":"game.js:initMedia","sessionId":"377d1b","runId":"run_ui_layout","message":"win_ready","timestamp":1776964124680}
{"data":{"src":"./assets/audio/sfx/die.wav"},"hypothesisId":"H3_audio_ready","location":"game.js:initMedia","sessionId":"377d1b","runId":"run_ui_layout","message":"die_ready","timestamp":1776964124692}
{"data":{"src":"./assets/audio/bgm/menu_bgm.mp3"},"hypothesisId":"H3_audio_ready","location":"game.js:initMedia","sessionId":"377d1b","runId":"run_ui_layout","message":"bgm_ready","timestamp":1776964124731}
{"data":{"panel":"levels","mode":"single"},"hypothesisId":"H5_panel_visibility","location":"game.js:showPanel","sessionId":"377d1b","runId":"run_ui_layout","message":"panel_switched","timestamp":1776964132194}
{"data":{"src":"./assets/audio/sfx/btn_click.wav"},"hypothesisId":"H3_audio_ready","location":"game.js:initMedia","sessionId":"377d1b","runId":"run_ui_layout","message":"click_ready","timestamp":1776964132195}
{"data":{"src":"./assets/audio/sfx/btn_click.wav"},"hypothesisId":"H3_audio_ready","location":"game.js:initMedia","sessionId":"377d1b","runId":"run_ui_layout","message":"click_ready","timestamp":1776964132820}
{"data":{"mode":"single","levelId":6},"hypothesisId":"H5_panel_visibility","location":"game.js:renderLevelsForMode","sessionId":"377d1b","runId":"run_ui_layout","message":"level_clicked","timestamp":1776964132820}
{"data":{"src":"./assets/audio/sfx/die.wav"},"hypothesisId":"H3_audio_ready","location":"game.js:initMedia","sessionId":"377d1b","runId":"run_ui_layout","message":"die_ready","timestamp":1776964149480}
{"data":{"panel":"menu","mode":"single"},"hypothesisId":"H5_panel_visibility","location":"game.js:showPanel","sessionId":"377d1b","runId":"run_ui_layout","message":"panel_switched","timestamp":1776964150889}
{"data":{"src":"./assets/audio/sfx/btn_click.wav"},"hypothesisId":"H3_audio_ready","location":"game.js:initMedia","sessionId":"377d1b","runId":"run_ui_layout","message":"click_ready","timestamp":1776964150916}
{"data":{"panel":"levels","mode":"single"},"hypothesisId":"H5_panel_visibility","location":"game.js:showPanel","sessionId":"377d1b","runId":"run_ui_layout","message":"panel_switched","timestamp":1776964151679}
{"data":{"src":"./assets/audio/sfx/btn_click.wav"},"hypothesisId":"H3_audio_ready","location":"game.js:initMedia","sessionId":"377d1b","runId":"run_ui_layout","message":"click_ready","timestamp":1776964151680}
{"data":{"mode":"single","levelId":7},"hypothesisId":"H5_panel_visibility","location":"game.js:renderLevelsForMode","sessionId":"377d1b","runId":"run_ui_layout","message":"level_clicked","timestamp":1776964152816}
{"data":{"src":"./assets/audio/sfx/btn_click.wav"},"hypothesisId":"H3_audio_ready","location":"game.js:initMedia","sessionId":"377d1b","runId":"run_ui_layout","message":"click_ready","timestamp":1776964154673}
{"data":{"mode":"single","levelId":8},"hypothesisId":"H5_panel_visibility","location":"game.js:renderLevelsForMode","sessionId":"377d1b","runId":"run_ui_layout","message":"level_clicked","timestamp":1776964155245}
{"data":{"src":"./assets/audio/sfx/btn_click.wav"},"hypothesisId":"H3_audio_ready","location":"game.js:initMedia","sessionId":"377d1b","runId":"run_ui_layout","message":"click_ready","timestamp":1776964155247}
{"data":{"panel":"menu","mode":"single"},"hypothesisId":"H5_panel_visibility","location":"game.js:showPanel","sessionId":"377d1b","runId":"run_ui_layout","message":"panel_switched","timestamp":1776964156647}
{"data":{"src":"./assets/audio/sfx/btn_click.wav"},"hypothesisId":"H3_audio_ready","location":"game.js:initMedia","sessionId":"377d1b","runId":"run_ui_layout","message":"click_ready","timestamp":1776964156649}
{"data":{"src":"./assets/audio/sfx/btn_click.wav"},"hypothesisId":"H3_audio_ready","location":"game.js:initMedia","sessionId":"377d1b","runId":"run_ui_layout","message":"click_ready","timestamp":1776964170528}
{"data":{"panel":"levels","mode":"coop"},"hypothesisId":"H5_panel_visibility","location":"game.js:showPanel","sessionId":"377d1b","runId":"run_ui_layout","message":"panel_switched","timestamp":1776964171570}
{"data":{"src":"./assets/audio/sfx/btn_click.wav"},"hypothesisId":"H3_audio_ready","location":"game.js:initMedia","sessionId":"377d1b","runId":"run_ui_layout","message":"click_ready","timestamp":1776964171580}
{"data":{"mode":"coop","levelId":9},"hypothesisId":"H5_panel_visibility","location":"game.js:renderLevelsForMode","sessionId":"377d1b","runId":"run_ui_layout","message":"level_clicked","timestamp":1776964172479}
{"data":{"src":"./assets/audio/sfx/btn_click.wav"},"hypothesisId":"H3_audio_ready","location":"game.js:initMedia","sessionId":"377d1b","runId":"run_ui_layout","message":"click_ready","timestamp":1776964173735}
{"data":{"mode":"coop","levelId":8},"hypothesisId":"H5_panel_visibility","location":"game.js:renderLevelsForMode","sessionId":"377d1b","runId":"run_ui_layout","message":"level_clicked","timestamp":1776964174330}
{"data":{"src":"./assets/audio/sfx/btn_click.wav"},"hypothesisId":"H3_audio_ready","location":"game.js:initMedia","sessionId":"377d1b","runId":"run_ui_layout","message":"click_ready","timestamp":1776964175216}
{"data":{"mode":"coop","levelId":7},"hypothesisId":"H5_panel_visibility","location":"game.js:renderLevelsForMode","sessionId":"377d1b","runId":"run_ui_layout","message":"level_clicked","timestamp":1776964175756}
{"data":{"src":"./assets/audio/sfx/btn_click.wav"},"hypothesisId":"H3_audio_ready","location":"game.js:initMedia","sessionId":"377d1b","runId":"run_ui_layout","message":"click_ready","timestamp":1776964176469}
{"data":{"mode":"coop","levelId":6},"hypothesisId":"H5_panel_visibility","location":"game.js:renderLevelsForMode","sessionId":"377d1b","runId":"run_ui_layout","message":"level_clicked","timestamp":1776964176852}
{"data":{"src":"./assets/audio/sfx/btn_click.wav"},"hypothesisId":"H3_audio_ready","location":"game.js:initMedia","sessionId":"377d1b","runId":"run_ui_layout","message":"click_ready","timestamp":1776964177509}
{"data":{"mode":"coop","levelId":5},"hypothesisId":"H5_panel_visibility","location":"game.js:renderLevelsForMode","sessionId":"377d1b","runId":"run_ui_layout","message":"level_clicked","timestamp":1776964177931}
{"data":{"src":"./assets/audio/sfx/btn_click.wav"},"hypothesisId":"H3_audio_ready","location":"game.js:initMedia","sessionId":"377d1b","runId":"run_ui_layout","message":"click_ready","timestamp":1776964178593}
{"data":{"mode":"coop","levelId":4},"hypothesisId":"H5_panel_visibility","location":"game.js:renderLevelsForMode","sessionId":"377d1b","runId":"run_ui_layout","message":"level_clicked","timestamp":1776964179213}
{"data":{"src":"./assets/audio/sfx/btn_click.wav"},"hypothesisId":"H3_audio_ready","location":"game.js:initMedia","sessionId":"377d1b","runId":"run_ui_layout","message":"click_ready","timestamp":1776964179866}
{"data":{"mode":"coop","levelId":3},"hypothesisId":"H5_panel_visibility","location":"game.js:renderLevelsForMode","sessionId":"377d1b","runId":"run_ui_layout","message":"level_clicked","timestamp":1776964180286}
{"data":{"src":"./assets/audio/sfx/btn_click.wav"},"hypothesisId":"H3_audio_ready","location":"game.js:initMedia","sessionId":"377d1b","runId":"run_ui_layout","message":"click_ready","timestamp":1776964181026}
{"data":{"mode":"coop","levelId":2},"hypothesisId":"H5_panel_visibility","location":"game.js:renderLevelsForMode","sessionId":"377d1b","runId":"run_ui_layout","message":"level_clicked","timestamp":1776964181617}
{"data":{"src":"./assets/audio/sfx/btn_click.wav"},"hypothesisId":"H3_audio_ready","location":"game.js:initMedia","sessionId":"377d1b","runId":"run_ui_layout","message":"click_ready","timestamp":1776964181625}
{"data":{"src":"./assets/audio/sfx/fall_death.wav"},"hypothesisId":"H3_audio_ready","location":"game.js:initMedia","sessionId":"377d1b","runId":"run_ui_layout","message":"fall_death_ready","timestamp":1776964181973}
{"data":{"panel":"menu","mode":"coop"},"hypothesisId":"H5_panel_visibility","location":"game.js:showPanel","sessionId":"377d1b","runId":"run_ui_layout","message":"panel_switched","timestamp":1776964183410}
{"data":{"src":"./assets/audio/sfx/btn_click.wav"},"hypothesisId":"H3_audio_ready","location":"game.js:initMedia","sessionId":"377d1b","runId":"run_ui_layout","message":"click_ready","timestamp":1776964183420}
{"data":{"src":"./assets/audio/sfx/btn_click.wav"},"hypothesisId":"H3_audio_ready","location":"game.js:initMedia","sessionId":"377d1b","runId":"run_ui_layout","message":"click_ready","timestamp":1776964184198}
{"data":{"panel":"levels","mode":"coop"},"hypothesisId":"H5_panel_visibility","location":"game.js:showPanel","sessionId":"377d1b","runId":"run_ui_layout","message":"panel_switched","timestamp":1776964185350}
{"data":{"src":"./assets/audio/sfx/btn_click.wav"},"hypothesisId":"H3_audio_ready","location":"game.js:initMedia","sessionId":"377d1b","runId":"run_ui_layout","message":"click_ready","timestamp":1776964185357}
{"data":{"mode":"coop","levelId":1},"hypothesisId":"H5_panel_visibility","location":"game.js:renderLevelsForMode","sessionId":"377d1b","runId":"run_ui_layout","message":"level_clicked","timestamp":1776964185974}
{"data":{"src":"./assets/audio/sfx/btn_click.wav"},"hypothesisId":"H3_audio_ready","location":"game.js:initMedia","sessionId":"377d1b","runId":"run_ui_layout","message":"click_ready","timestamp":1776964185989}
{"data":{"src":"./assets/audio/sfx/fall_death.wav"},"hypothesisId":"H3_audio_ready","location":"game.js:initMedia","sessionId":"377d1b","runId":"run_ui_layout","message":"fall_death_ready","timestamp":1776964186270}
{"data":{"panel":"menu","mode":"coop"},"hypothesisId":"H5_panel_visibility","location":"game.js:showPanel","sessionId":"377d1b","runId":"run_ui_layout","message":"panel_switched","timestamp":1776964186969}
{"data":{"src":"./assets/audio/sfx/btn_click.wav"},"hypothesisId":"H3_audio_ready","location":"game.js:initMedia","sessionId":"377d1b","runId":"run_ui_layout","message":"click_ready","timestamp":1776964186979}
{"data":{"src":"./assets/audio/sfx/btn_click.wav"},"hypothesisId":"H3_audio_ready","location":"game.js:initMedia","sessionId":"377d1b","runId":"run_ui_layout","message":"click_ready","timestamp":1776964221375}
{"data":{"panel":"levels","mode":"race"},"hypothesisId":"H5_panel_visibility","location":"game.js:showPanel","sessionId":"377d1b","runId":"run_ui_layout","message":"panel_switched","timestamp":1776964221995}
{"data":{"src":"./assets/audio/sfx/btn_click.wav"},"hypothesisId":"H3_audio_ready","location":"game.js:initMedia","sessionId":"377d1b","runId":"run_ui_layout","message":"click_ready","timestamp":1776964222002}
{"data":{"mode":"race","levelId":4},"hypothesisId":"H5_panel_visibility","location":"game.js:renderLevelsForMode","sessionId":"377d1b","runId":"run_ui_layout","message":"level_clicked","timestamp":1776964222570}
{"data":{"src":"./assets/audio/sfx/btn_click.wav"},"hypothesisId":"H3_audio_ready","location":"game.js:initMedia","sessionId":"377d1b","runId":"run_ui_layout","message":"click_ready","timestamp":1776964223859}
{"data":{"mode":"race","levelId":5},"hypothesisId":"H5_panel_visibility","location":"game.js:renderLevelsForMode","sessionId":"377d1b","runId":"run_ui_layout","message":"level_clicked","timestamp":1776964224355}
{"data":{"src":"./assets/audio/sfx/btn_click.wav"},"hypothesisId":"H3_audio_ready","location":"game.js:initMedia","sessionId":"377d1b","runId":"run_ui_layout","message":"click_ready","timestamp":1776964224358}
{"data":{"panel":"menu","mode":"race"},"hypothesisId":"H5_panel_visibility","location":"game.js:showPanel","sessionId":"377d1b","runId":"run_ui_layout","message":"panel_switched","timestamp":1776964226429}
{"data":{"src":"./assets/audio/sfx/btn_click.wav"},"hypothesisId":"H3_audio_ready","location":"game.js:initMedia","sessionId":"377d1b","runId":"run_ui_layout","message":"click_ready","timestamp":1776964226435}
{"data":{"contextId":"Practical_training"},"hypothesisId":"H3_context_closed","location":"StartupLifecycleLogger:onClosed","sessionId":"377d1b","runId":"run_startup","message":"context_closed_event","timestamp":1776964253430}
{"data":{"argCount":0},"hypothesisId":"Z_main_entry","location":"PracticalTrainingApplication:main","sessionId":"377d1b","runId":"run_main_pre","message":"main_entered","timestamp":1776964707293}
{"data":{"argCount":0},"hypothesisId":"Z_main_entry","location":"PracticalTrainingApplication:main","sessionId":"377d1b","runId":"run_main_pre","message":"main_entered","timestamp":1776964707490}
{"data":{"activeProfiles":"","contextId":"Practical_training","datasourceUrl":"jdbc:mysql://localhost:3306/game?useSSL=false&allowPublicKeyRetrieval=true&serverTimezone=UTC&characterEncoding=utf8"},"hypothesisId":"H1_started_event","location":"StartupLifecycleLogger:onStarted","sessionId":"377d1b","runId":"run_startup","message":"application_started_event","timestamp":1776964709934}
{"data":{"flywayEnabled":"true","serverPort":"8080"},"hypothesisId":"E_other_startup","location":"StartupInstrumentationListener:onApplicationReady","sessionId":"377d1b","runId":"pre-debug","message":"application_ready","timestamp":1776964709936}
{"data":{"contextId":"Practical_training"},"hypothesisId":"H2_ready_event","location":"StartupLifecycleLogger:onReady","sessionId":"377d1b","runId":"run_startup","message":"application_ready_event","timestamp":1776964709936}
{"data":{"exceptionType":"org.springframework.boot.devtools.restart.SilentExitExceptionHandler$SilentExitException","rootCauseChain":"org.springframework.boot.devtools.restart.SilentExitExceptionHandler$SilentExitException:","exceptionMessage":"org.springframework.boot.devtools.restart.SilentExitExceptionHandler$SilentExitException"},"hypothesisId":"E_other_startup_main_caught","location":"PracticalTrainingApplication:main","sessionId":"377d1b","runId":"run_main_caught","message":"main_caught_exception","timestamp":1776964709938}
{"data":{"src":"./assets/audio/sfx/fall_death.wav"},"hypothesisId":"H3_audio_ready","location":"game.js:initMedia","sessionId":"377d1b","runId":"run_ui_layout","message":"fall_death_ready","timestamp":1776964713860}
{"data":{"src":"./assets/audio/sfx/btn_click.wav"},"hypothesisId":"H3_audio_ready","location":"game.js:initMedia","sessionId":"377d1b","runId":"run_ui_layout","message":"click_ready","timestamp":1776964713861}
{"data":{"src":"./assets/audio/sfx/win.wav"},"hypothesisId":"H3_audio_ready","location":"game.js:initMedia","sessionId":"377d1b","runId":"run_ui_layout","message":"win_ready","timestamp":1776964713860}
{"data":{"src":"./assets/audio/sfx/die.wav"},"hypothesisId":"H3_audio_ready","location":"game.js:initMedia","sessionId":"377d1b","runId":"run_ui_layout","message":"die_ready","timestamp":1776964713862}
{"data":{"panel":"menu","mode":"single"},"hypothesisId":"H5_panel_visibility","location":"game.js:showPanel","sessionId":"377d1b","runId":"run_ui_layout","message":"panel_switched","timestamp":1776964713866}
{"data":{"src":"./assets/audio/bgm/menu_bgm.mp3"},"hypothesisId":"H3_audio_ready","location":"game.js:initMedia","sessionId":"377d1b","runId":"run_ui_layout","message":"bgm_ready","timestamp":1776964713866}
{"data":{"viewportH":935,"viewportW":1699,"userAgent":"Mozilla/5.0 (Windows NT 10.0; Win64; x64) AppleWebKit/537.36 (KHTML, like Gecko) Chrome/147.0.0.0 Safari/537.36 Edg/147.0.0.0","dpr":1.5},"hypothesisId":"H1_bg_ratio","location":"game.js:init","sessionId":"377d1b","runId":"run_ui_layout","message":"client_boot","timestamp":1776964713861}
{"data":{"panel":"levels","mode":"single"},"hypothesisId":"H5_panel_visibility","location":"game.js:showPanel","sessionId":"377d1b","runId":"run_ui_layout","message":"panel_switched","timestamp":1776964715328}
{"data":{"src":"./assets/audio/sfx/btn_click.wav"},"hypothesisId":"H3_audio_ready","location":"game.js:initMedia","sessionId":"377d1b","runId":"run_ui_layout","message":"click_ready","timestamp":1776964715331}
{"data":{"mode":"single","levelId":4},"hypothesisId":"H5_panel_visibility","location":"game.js:renderLevelsForMode","sessionId":"377d1b","runId":"run_ui_layout","message":"level_clicked","timestamp":1776964716281}
{"data":{"src":"./assets/audio/sfx/btn_click.wav"},"hypothesisId":"H3_audio_ready","location":"game.js:initMedia","sessionId":"377d1b","runId":"run_ui_layout","message":"click_ready","timestamp":1776964716283}
{"data":{"panel":"menu","mode":"single"},"hypothesisId":"H5_panel_visibility","location":"game.js:showPanel","sessionId":"377d1b","runId":"run_ui_layout","message":"panel_switched","timestamp":1776964717728}
{"data":{"src":"./assets/audio/sfx/btn_click.wav"},"hypothesisId":"H3_audio_ready","location":"game.js:initMedia","sessionId":"377d1b","runId":"run_ui_layout","message":"click_ready","timestamp":1776964717748}
{"data":{"src":"./assets/audio/sfx/btn_click.wav"},"hypothesisId":"H3_audio_ready","location":"game.js:initMedia","sessionId":"377d1b","runId":"run_ui_layout","message":"click_ready","timestamp":1776964718466}
{"data":{"panel":"levels","mode":"single"},"hypothesisId":"H5_panel_visibility","location":"game.js:showPanel","sessionId":"377d1b","runId":"run_ui_layout","message":"panel_switched","timestamp":1776964718466}
{"data":{"mode":"single","levelId":3},"hypothesisId":"H5_panel_visibility","location":"game.js:renderLevelsForMode","sessionId":"377d1b","runId":"run_ui_layout","message":"level_clicked","timestamp":1776964718926}
{"data":{"src":"./assets/audio/sfx/btn_click.wav"},"hypothesisId":"H3_audio_ready","location":"game.js:initMedia","sessionId":"377d1b","runId":"run_ui_layout","message":"click_ready","timestamp":1776964720158}
{"data":{"mode":"single","levelId":5},"hypothesisId":"H5_panel_visibility","location":"game.js:renderLevelsForMode","sessionId":"377d1b","runId":"run_ui_layout","message":"level_clicked","timestamp":1776964720698}
{"data":{"src":"./assets/audio/sfx/btn_click.wav"},"hypothesisId":"H3_audio_ready","location":"game.js:initMedia","sessionId":"377d1b","runId":"run_ui_layout","message":"click_ready","timestamp":1776964721469}
{"data":{"mode":"single","levelId":6},"hypothesisId":"H5_panel_visibility","location":"game.js:renderLevelsForMode","sessionId":"377d1b","runId":"run_ui_layout","message":"level_clicked","timestamp":1776964721890}
{"data":{"src":"./assets/audio/sfx/btn_click.wav"},"hypothesisId":"H3_audio_ready","location":"game.js:initMedia","sessionId":"377d1b","runId":"run_ui_layout","message":"click_ready","timestamp":1776964721899}
{"data":{"panel":"menu","mode":"single"},"hypothesisId":"H5_panel_visibility","location":"game.js:showPanel","sessionId":"377d1b","runId":"run_ui_layout","message":"panel_switched","timestamp":1776964723692}
{"data":{"src":"./assets/audio/sfx/btn_click.wav"},"hypothesisId":"H3_audio_ready","location":"game.js:initMedia","sessionId":"377d1b","runId":"run_ui_layout","message":"click_ready","timestamp":1776964723696}
{"data":{"viewportH":935,"viewportW":1699,"userAgent":"Mozilla/5.0 (Windows NT 10.0; Win64; x64) AppleWebKit/537.36 (KHTML, like Gecko) Chrome/147.0.0.0 Safari/537.36 Edg/147.0.0.0","dpr":1.5},"hypothesisId":"H1_bg_ratio","location":"game.js:init","sessionId":"377d1b","runId":"run_ui_layout","message":"client_boot","timestamp":1776964728362}
{"data":{"panel":"menu","mode":"single"},"hypothesisId":"H5_panel_visibility","location":"game.js:showPanel","sessionId":"377d1b","runId":"run_ui_layout","message":"panel_switched","timestamp":1776964728369}
{"data":{"src":"./assets/audio/sfx/btn_click.wav"},"hypothesisId":"H3_audio_ready","location":"game.js:initMedia","sessionId":"377d1b","runId":"run_ui_layout","message":"click_ready","timestamp":1776964728391}
{"data":{"src":"./assets/audio/sfx/die.wav"},"hypothesisId":"H3_audio_ready","location":"game.js:initMedia","sessionId":"377d1b","runId":"run_ui_layout","message":"die_ready","timestamp":1776964728402}
{"data":{"src":"./assets/audio/sfx/win.wav"},"hypothesisId":"H3_audio_ready","location":"game.js:initMedia","sessionId":"377d1b","runId":"run_ui_layout","message":"win_ready","timestamp":1776964728416}
{"data":{"src":"./assets/audio/sfx/fall_death.wav"},"hypothesisId":"H3_audio_ready","location":"game.js:initMedia","sessionId":"377d1b","runId":"run_ui_layout","message":"fall_death_ready","timestamp":1776964728427}
{"data":{"src":"./assets/audio/bgm/menu_bgm.mp3"},"hypothesisId":"H3_audio_ready","location":"game.js:initMedia","sessionId":"377d1b","runId":"run_ui_layout","message":"bgm_ready","timestamp":1776964728440}
{"data":{"panel":"levels","mode":"single"},"hypothesisId":"H5_panel_visibility","location":"game.js:showPanel","sessionId":"377d1b","runId":"run_ui_layout","message":"panel_switched","timestamp":1776964729469}
{"data":{"src":"./assets/audio/sfx/btn_click.wav"},"hypothesisId":"H3_audio_ready","location":"game.js:initMedia","sessionId":"377d1b","runId":"run_ui_layout","message":"click_ready","timestamp":1776964729469}
{"data":{"mode":"single","levelId":7},"hypothesisId":"H5_panel_visibility","location":"game.js:renderLevelsForMode","sessionId":"377d1b","runId":"run_ui_layout","message":"level_clicked","timestamp":1776964730977}
{"data":{"src":"./assets/audio/sfx/btn_click.wav"},"hypothesisId":"H3_audio_ready","location":"game.js:initMedia","sessionId":"377d1b","runId":"run_ui_layout","message":"click_ready","timestamp":1776964732168}
{"data":{"mode":"single","levelId":8},"hypothesisId":"H5_panel_visibility","location":"game.js:renderLevelsForMode","sessionId":"377d1b","runId":"run_ui_layout","message":"level_clicked","timestamp":1776964732761}
{"data":{"src":"./assets/audio/sfx/btn_click.wav"},"hypothesisId":"H3_audio_ready","location":"game.js:initMedia","sessionId":"377d1b","runId":"run_ui_layout","message":"click_ready","timestamp":1776964733775}
{"data":{"panel":"menu","mode":"single"},"hypothesisId":"H5_panel_visibility","location":"game.js:showPanel","sessionId":"377d1b","runId":"run_ui_layout","message":"panel_switched","timestamp":1776964737891}
{"data":{"src":"./assets/audio/sfx/btn_click.wav"},"hypothesisId":"H3_audio_ready","location":"game.js:initMedia","sessionId":"377d1b","runId":"run_ui_layout","message":"click_ready","timestamp":1776964737891}
{"data":{"src":"./assets/audio/sfx/btn_click.wav"},"hypothesisId":"H3_audio_ready","location":"game.js:initMedia","sessionId":"377d1b","runId":"run_ui_layout","message":"click_ready","timestamp":1776964738684}
{"data":{"panel":"levels","mode":"coop"},"hypothesisId":"H5_panel_visibility","location":"game.js:showPanel","sessionId":"377d1b","runId":"run_ui_layout","message":"panel_switched","timestamp":1776964739912}
{"data":{"src":"./assets/audio/sfx/btn_click.wav"},"hypothesisId":"H3_audio_ready","location":"game.js:initMedia","sessionId":"377d1b","runId":"run_ui_layout","message":"click_ready","timestamp":1776964739912}
{"data":{"mode":"coop","levelId":2},"hypothesisId":"H5_panel_visibility","location":"game.js:renderLevelsForMode","sessionId":"377d1b","runId":"run_ui_layout","message":"level_clicked","timestamp":1776964740708}
{"data":{"src":"./assets/audio/sfx/btn_click.wav"},"hypothesisId":"H3_audio_ready","location":"game.js:initMedia","sessionId":"377d1b","runId":"run_ui_layout","message":"click_ready","timestamp":1776964740712}
{"data":{"src":"./assets/audio/sfx/fall_death.wav"},"hypothesisId":"H3_audio_ready","location":"game.js:initMedia","sessionId":"377d1b","runId":"run_ui_layout","message":"fall_death_ready","timestamp":1776964741051}
{"data":{"panel":"menu","mode":"coop"},"hypothesisId":"H5_panel_visibility","location":"game.js:showPanel","sessionId":"377d1b","runId":"run_ui_layout","message":"panel_switched","timestamp":1776964741927}
{"data":{"src":"./assets/audio/sfx/btn_click.wav"},"hypothesisId":"H3_audio_ready","location":"game.js:initMedia","sessionId":"377d1b","runId":"run_ui_layout","message":"click_ready","timestamp":1776964741944}
{"data":{"src":"./assets/audio/sfx/btn_click.wav"},"hypothesisId":"H3_audio_ready","location":"game.js:initMedia","sessionId":"377d1b","runId":"run_ui_layout","message":"click_ready","timestamp":1776964742835}
{"data":{"panel":"levels","mode":"coop"},"hypothesisId":"H5_panel_visibility","location":"game.js:showPanel","sessionId":"377d1b","runId":"run_ui_layout","message":"panel_switched","timestamp":1776964744036}
{"data":{"src":"./assets/audio/sfx/btn_click.wav"},"hypothesisId":"H3_audio_ready","location":"game.js:initMedia","sessionId":"377d1b","runId":"run_ui_layout","message":"click_ready","timestamp":1776964744040}
{"data":{"mode":"coop","levelId":4},"hypothesisId":"H5_panel_visibility","location":"game.js:renderLevelsForMode","sessionId":"377d1b","runId":"run_ui_layout","message":"level_clicked","timestamp":1776964744906}
{"data":{"src":"./assets/audio/sfx/btn_click.wav"},"hypothesisId":"H3_audio_ready","location":"game.js:initMedia","sessionId":"377d1b","runId":"run_ui_layout","message":"click_ready","timestamp":1776964746223}
{"data":{"panel":"menu","mode":"coop"},"hypothesisId":"H5_panel_visibility","location":"game.js:showPanel","sessionId":"377d1b","runId":"run_ui_layout","message":"panel_switched","timestamp":1776964747697}
{"data":{"src":"./assets/audio/sfx/btn_click.wav"},"hypothesisId":"H3_audio_ready","location":"game.js:initMedia","sessionId":"377d1b","runId":"run_ui_layout","message":"click_ready","timestamp":1776964747697}
{"data":{"panel":"settings","mode":"coop"},"hypothesisId":"H5_panel_visibility","location":"game.js:showPanel","sessionId":"377d1b","runId":"run_ui_layout","message":"panel_switched","timestamp":1776964749633}
{"data":{"src":"./assets/audio/sfx/btn_click.wav"},"hypothesisId":"H3_audio_ready","location":"game.js:initMedia","sessionId":"377d1b","runId":"run_ui_layout","message":"click_ready","timestamp":1776964749649}
{"data":{"panel":"menu","mode":"coop"},"hypothesisId":"H5_panel_visibility","location":"game.js:showPanel","sessionId":"377d1b","runId":"run_ui_layout","message":"panel_switched","timestamp":1776964752402}
{"data":{"src":"./assets/audio/sfx/btn_click.wav"},"hypothesisId":"H3_audio_ready","location":"game.js:initMedia","sessionId":"377d1b","runId":"run_ui_layout","message":"click_ready","timestamp":1776964752407}
{"data":{"panel":"levels","mode":"single"},"hypothesisId":"H5_panel_visibility","location":"game.js:showPanel","sessionId":"377d1b","runId":"run_ui_layout","message":"panel_switched","timestamp":1776964753136}
{"data":{"src":"./assets/audio/sfx/btn_click.wav"},"hypothesisId":"H3_audio_ready","location":"game.js:initMedia","sessionId":"377d1b","runId":"run_ui_layout","message":"click_ready","timestamp":1776964753138}
{"data":{"mode":"single","levelId":1},"hypothesisId":"H5_panel_visibility","location":"game.js:renderLevelsForMode","sessionId":"377d1b","runId":"run_ui_layout","message":"level_clicked","timestamp":1776964753616}
{"data":{"src":"./assets/audio/sfx/btn_click.wav"},"hypothesisId":"H3_audio_ready","location":"game.js:initMedia","sessionId":"377d1b","runId":"run_ui_layout","message":"click_ready","timestamp":1776964753620}
{"data":{"panel":"menu","mode":"single"},"hypothesisId":"H5_panel_visibility","location":"game.js:showPanel","sessionId":"377d1b","runId":"run_ui_layout","message":"panel_switched","timestamp":1776964755192}
{"data":{"src":"./assets/audio/sfx/btn_click.wav"},"hypothesisId":"H3_audio_ready","location":"game.js:initMedia","sessionId":"377d1b","runId":"run_ui_layout","message":"click_ready","timestamp":1776964755204}
{"data":{"viewportH":935,"viewportW":1699,"userAgent":"Mozilla/5.0 (Windows NT 10.0; Win64; x64) AppleWebKit/537.36 (KHTML, like Gecko) Chrome/147.0.0.0 Safari/537.36 Edg/147.0.0.0","dpr":1.5},"hypothesisId":"H1_bg_ratio","location":"game.js:init","sessionId":"377d1b","runId":"run_ui_layout","message":"client_boot","timestamp":1776964767827}
{"data":{"panel":"menu","mode":"single"},"hypothesisId":"H5_panel_visibility","location":"game.js:showPanel","sessionId":"377d1b","runId":"run_ui_layout","message":"panel_switched","timestamp":1776964767836}
{"data":{"src":"./assets/audio/sfx/fall_death.wav"},"hypothesisId":"H3_audio_ready","location":"game.js:initMedia","sessionId":"377d1b","runId":"run_ui_layout","message":"fall_death_ready","timestamp":1776964767867}
{"data":{"src":"./assets/audio/sfx/die.wav"},"hypothesisId":"H3_audio_ready","location":"game.js:initMedia","sessionId":"377d1b","runId":"run_ui_layout","message":"die_ready","timestamp":1776964767885}
{"data":{"src":"./assets/audio/sfx/btn_click.wav"},"hypothesisId":"H3_audio_ready","location":"game.js:initMedia","sessionId":"377d1b","runId":"run_ui_layout","message":"click_ready","timestamp":1776964767903}
{"data":{"src":"./assets/audio/sfx/win.wav"},"hypothesisId":"H3_audio_ready","location":"game.js:initMedia","sessionId":"377d1b","runId":"run_ui_layout","message":"win_ready","timestamp":1776964767919}
{"data":{"src":"./assets/audio/bgm/menu_bgm.mp3"},"hypothesisId":"H3_audio_ready","location":"game.js:initMedia","sessionId":"377d1b","runId":"run_ui_layout","message":"bgm_ready","timestamp":1776964767931}
{"data":{"panel":"levels","mode":"single"},"hypothesisId":"H5_panel_visibility","location":"game.js:showPanel","sessionId":"377d1b","runId":"run_ui_layout","message":"panel_switched","timestamp":1776964768406}
{"data":{"src":"./assets/audio/sfx/btn_click.wav"},"hypothesisId":"H3_audio_ready","location":"game.js:initMedia","sessionId":"377d1b","runId":"run_ui_layout","message":"click_ready","timestamp":1776964768420}
{"data":{"mode":"single","levelId":1},"hypothesisId":"H5_panel_visibility","location":"game.js:renderLevelsForMode","sessionId":"377d1b","runId":"run_ui_layout","message":"level_clicked","timestamp":1776964768873}
{"data":{"src":"./assets/audio/sfx/btn_click.wav"},"hypothesisId":"H3_audio_ready","location":"game.js:initMedia","sessionId":"377d1b","runId":"run_ui_layout","message":"click_ready","timestamp":1776964768880}
{"data":{"contextId":"Practical_training"},"hypothesisId":"H3_context_closed","location":"StartupLifecycleLogger:onClosed","sessionId":"377d1b","runId":"run_startup","message":"context_closed_event","timestamp":1776964983652}
{"data":{"argCount":0},"hypothesisId":"Z_main_entry","location":"PracticalTrainingApplication:main","sessionId":"377d1b","runId":"run_main_pre","message":"main_entered","timestamp":1776964985583}
{"data":{"argCount":0},"hypothesisId":"Z_main_entry","location":"PracticalTrainingApplication:main","sessionId":"377d1b","runId":"run_main_pre","message":"main_entered","timestamp":1776964985820}
{"data":{"activeProfiles":"","contextId":"Practical_training","datasourceUrl":"jdbc:mysql://localhost:3306/game?useSSL=false&allowPublicKeyRetrieval=true&serverTimezone=UTC&characterEncoding=utf8"},"hypothesisId":"H1_started_event","location":"StartupLifecycleLogger:onStarted","sessionId":"377d1b","runId":"run_startup","message":"application_started_event","timestamp":1776964988438}
{"data":{"flywayEnabled":"true","serverPort":"8080"},"hypothesisId":"E_other_startup","location":"StartupInstrumentationListener:onApplicationReady","sessionId":"377d1b","runId":"pre-debug","message":"application_ready","timestamp":1776964988440}
{"data":{"contextId":"Practical_training"},"hypothesisId":"H2_ready_event","location":"StartupLifecycleLogger:onReady","sessionId":"377d1b","runId":"run_startup","message":"application_ready_event","timestamp":1776964988441}
{"data":{"exceptionType":"org.springframework.boot.devtools.restart.SilentExitExceptionHandler$SilentExitException","rootCauseChain":"org.springframework.boot.devtools.restart.SilentExitExceptionHandler$SilentExitException:","exceptionMessage":"org.springframework.boot.devtools.restart.SilentExitExceptionHandler$SilentExitException"},"hypothesisId":"E_other_startup_main_caught","location":"PracticalTrainingApplication:main","sessionId":"377d1b","runId":"run_main_caught","message":"main_caught_exception","timestamp":1776964988442}
{"data":{"src":"./assets/audio/sfx/fall_death.wav"},"hypothesisId":"H3_audio_ready","location":"game.js:initMedia","sessionId":"377d1b","runId":"run_ui_layout","message":"fall_death_ready","timestamp":1776964992935}
{"data":{"src":"./assets/audio/sfx/win.wav"},"hypothesisId":"H3_audio_ready","location":"game.js:initMedia","sessionId":"377d1b","runId":"run_ui_layout","message":"win_ready","timestamp":1776964992935}
{"data":{"src":"./assets/audio/sfx/btn_click.wav"},"hypothesisId":"H3_audio_ready","location":"game.js:initMedia","sessionId":"377d1b","runId":"run_ui_layout","message":"click_ready","timestamp":1776964992935}
{"data":{"src":"./assets/audio/sfx/die.wav"},"hypothesisId":"H3_audio_ready","location":"game.js:initMedia","sessionId":"377d1b","runId":"run_ui_layout","message":"die_ready","timestamp":1776964992935}
{"data":{"src":"./assets/audio/bgm/menu_bgm.mp3"},"hypothesisId":"H3_audio_ready","location":"game.js:initMedia","sessionId":"377d1b","runId":"run_ui_layout","message":"bgm_ready","timestamp":1776964992940}
{"data":{"panel":"menu","mode":"single"},"hypothesisId":"H5_panel_visibility","location":"game.js:showPanel","sessionId":"377d1b","runId":"run_ui_layout","message":"panel_switched","timestamp":1776964992940}
{"data":{"viewportH":935,"viewportW":1699,"userAgent":"Mozilla/5.0 (Windows NT 10.0; Win64; x64) AppleWebKit/537.36 (KHTML, like Gecko) Chrome/147.0.0.0 Safari/537.36 Edg/147.0.0.0","dpr":1.5},"hypothesisId":"H1_bg_ratio","location":"game.js:init","sessionId":"377d1b","runId":"run_ui_layout","message":"client_boot","timestamp":1776964992935}
{"data":{"panel":"levels","mode":"single"},"hypothesisId":"H5_panel_visibility","location":"game.js:showPanel","sessionId":"377d1b","runId":"run_ui_layout","message":"panel_switched","timestamp":1776964993906}
{"data":{"src":"./assets/audio/sfx/btn_click.wav"},"hypothesisId":"H3_audio_ready","location":"game.js:initMedia","sessionId":"377d1b","runId":"run_ui_layout","message":"click_ready","timestamp":1776964993909}
{"data":{"mode":"single","levelId":4},"hypothesisId":"H5_panel_visibility","location":"game.js:renderLevelsForMode","sessionId":"377d1b","runId":"run_ui_layout","message":"level_clicked","timestamp":1776964995369}
{"data":{"src":"./assets/audio/sfx/btn_click.wav"},"hypothesisId":"H3_audio_ready","location":"game.js:initMedia","sessionId":"377d1b","runId":"run_ui_layout","message":"click_ready","timestamp":1776964995379}
{"data":{"panel":"menu","mode":"single"},"hypothesisId":"H5_panel_visibility","location":"game.js:showPanel","sessionId":"377d1b","runId":"run_ui_layout","message":"panel_switched","timestamp":1776964997354}
{"data":{"src":"./assets/audio/sfx/btn_click.wav"},"hypothesisId":"H3_audio_ready","location":"game.js:initMedia","sessionId":"377d1b","runId":"run_ui_layout","message":"click_ready","timestamp":1776964997366}
{"data":{"panel":"levels","mode":"single"},"hypothesisId":"H5_panel_visibility","location":"game.js:showPanel","sessionId":"377d1b","runId":"run_ui_layout","message":"panel_switched","timestamp":1776964998241}
{"data":{"src":"./assets/audio/sfx/btn_click.wav"},"hypothesisId":"H3_audio_ready","location":"game.js:initMedia","sessionId":"377d1b","runId":"run_ui_layout","message":"click_ready","timestamp":1776964998246}
{"data":{"mode":"single","levelId":5},"hypothesisId":"H5_panel_visibility","location":"game.js:renderLevelsForMode","sessionId":"377d1b","runId":"run_ui_layout","message":"level_clicked","timestamp":1776964998910}
{"data":{"src":"./assets/audio/sfx/btn_click.wav"},"hypothesisId":"H3_audio_ready","location":"game.js:initMedia","sessionId":"377d1b","runId":"run_ui_layout","message":"click_ready","timestamp":1776965000038}
{"data":{"mode":"single","levelId":6},"hypothesisId":"H5_panel_visibility","location":"game.js:renderLevelsForMode","sessionId":"377d1b","runId":"run_ui_layout","message":"level_clicked","timestamp":1776965000576}
{"data":{"src":"./assets/audio/sfx/btn_click.wav"},"hypothesisId":"H3_audio_ready","location":"game.js:initMedia","sessionId":"377d1b","runId":"run_ui_layout","message":"click_ready","timestamp":1776965000579}
{"data":{"panel":"menu","mode":"single"},"hypothesisId":"H5_panel_visibility","location":"game.js:showPanel","sessionId":"377d1b","runId":"run_ui_layout","message":"panel_switched","timestamp":1776965006551}
{"data":{"src":"./assets/audio/sfx/btn_click.wav"},"hypothesisId":"H3_audio_ready","location":"game.js:initMedia","sessionId":"377d1b","runId":"run_ui_layout","message":"click_ready","timestamp":1776965006567}
{"data":{"src":"./assets/audio/sfx/btn_click.wav"},"hypothesisId":"H3_audio_ready","location":"game.js:initMedia","sessionId":"377d1b","runId":"run_ui_layout","message":"click_ready","timestamp":1776965007383}
{"data":{"panel":"levels","mode":"single"},"hypothesisId":"H5_panel_visibility","location":"game.js:showPanel","sessionId":"377d1b","runId":"run_ui_layout","message":"panel_switched","timestamp":1776965007383}
{"data":{"src":"./assets/audio/sfx/btn_click.wav"},"hypothesisId":"H3_audio_ready","location":"game.js:initMedia","sessionId":"377d1b","runId":"run_ui_layout","message":"click_ready","timestamp":1776965008497}
{"data":{"mode":"single","levelId":6},"hypothesisId":"H5_panel_visibility","location":"game.js:renderLevelsForMode","sessionId":"377d1b","runId":"run_ui_layout","message":"level_clicked","timestamp":1776965008497}
{"data":{"panel":"menu","mode":"single"},"hypothesisId":"H5_panel_visibility","location":"game.js:showPanel","sessionId":"377d1b","runId":"run_ui_layout","message":"panel_switched","timestamp":1776965009901}
{"data":{"src":"./assets/audio/sfx/btn_click.wav"},"hypothesisId":"H3_audio_ready","location":"game.js:initMedia","sessionId":"377d1b","runId":"run_ui_layout","message":"click_ready","timestamp":1776965009908}
{"data":{"panel":"levels","mode":"single"},"hypothesisId":"H5_panel_visibility","location":"game.js:showPanel","sessionId":"377d1b","runId":"run_ui_layout","message":"panel_switched","timestamp":1776965010814}
{"data":{"src":"./assets/audio/sfx/btn_click.wav"},"hypothesisId":"H3_audio_ready","location":"game.js:initMedia","sessionId":"377d1b","runId":"run_ui_layout","message":"click_ready","timestamp":1776965010815}
{"data":{"mode":"single","levelId":7},"hypothesisId":"H5_panel_visibility","location":"game.js:renderLevelsForMode","sessionId":"377d1b","runId":"run_ui_layout","message":"level_clicked","timestamp":1776965011380}
{"data":{"src":"./assets/audio/sfx/btn_click.wav"},"hypothesisId":"H3_audio_ready","location":"game.js:initMedia","sessionId":"377d1b","runId":"run_ui_layout","message":"click_ready","timestamp":1776965015672}
{"data":{"mode":"single","levelId":1},"hypothesisId":"H5_panel_visibility","location":"game.js:renderLevelsForMode","sessionId":"377d1b","runId":"run_ui_layout","message":"level_clicked","timestamp":1776965016374}
{"data":{"src":"./assets/audio/sfx/btn_click.wav"},"hypothesisId":"H3_audio_ready","location":"game.js:initMedia","sessionId":"377d1b","runId":"run_ui_layout","message":"click_ready","timestamp":1776965016389}
{"data":{"panel":"menu","mode":"single"},"hypothesisId":"H5_panel_visibility","location":"game.js:showPanel","sessionId":"377d1b","runId":"run_ui_layout","message":"panel_switched","timestamp":1776965022574}
{"data":{"src":"./assets/audio/sfx/btn_click.wav"},"hypothesisId":"H3_audio_ready","location":"game.js:initMedia","sessionId":"377d1b","runId":"run_ui_layout","message":"click_ready","timestamp":1776965022582}
{"data":{"src":"./assets/audio/sfx/btn_click.wav"},"hypothesisId":"H3_audio_ready","location":"game.js:initMedia","sessionId":"377d1b","runId":"run_ui_layout","message":"click_ready","timestamp":1776965023401}
{"data":{"panel":"levels","mode":"coop"},"hypothesisId":"H5_panel_visibility","location":"game.js:showPanel","sessionId":"377d1b","runId":"run_ui_layout","message":"panel_switched","timestamp":1776965027308}
{"data":{"src":"./assets/audio/sfx/btn_click.wav"},"hypothesisId":"H3_audio_ready","location":"game.js:initMedia","sessionId":"377d1b","runId":"run_ui_layout","message":"click_ready","timestamp":1776965027308}
{"data":{"mode":"coop","levelId":2},"hypothesisId":"H5_panel_visibility","location":"game.js:renderLevelsForMode","sessionId":"377d1b","runId":"run_ui_layout","message":"level_clicked","timestamp":1776965028537}
{"data":{"src":"./assets/audio/sfx/btn_click.wav"},"hypothesisId":"H3_audio_ready","location":"game.js:initMedia","sessionId":"377d1b","runId":"run_ui_layout","message":"click_ready","timestamp":1776965028541}
{"data":{"src":"./assets/audio/sfx/fall_death.wav"},"hypothesisId":"H3_audio_ready","location":"game.js:initMedia","sessionId":"377d1b","runId":"run_ui_layout","message":"fall_death_ready","timestamp":1776965028892}
{"data":{"panel":"menu","mode":"coop"},"hypothesisId":"H5_panel_visibility","location":"game.js:showPanel","sessionId":"377d1b","runId":"run_ui_layout","message":"panel_switched","timestamp":1776965033449}
{"data":{"src":"./assets/audio/sfx/btn_click.wav"},"hypothesisId":"H3_audio_ready","location":"game.js:initMedia","sessionId":"377d1b","runId":"run_ui_layout","message":"click_ready","timestamp":1776965034553}
{"data":{"panel":"levels","mode":"coop"},"hypothesisId":"H5_panel_visibility","location":"game.js:showPanel","sessionId":"377d1b","runId":"run_ui_layout","message":"panel_switched","timestamp":1776965035526}
{"data":{"src":"./assets/audio/sfx/btn_click.wav"},"hypothesisId":"H3_audio_ready","location":"game.js:initMedia","sessionId":"377d1b","runId":"run_ui_layout","message":"click_ready","timestamp":1776965035531}
{"data":{"mode":"coop","levelId":5},"hypothesisId":"H5_panel_visibility","location":"game.js:renderLevelsForMode","sessionId":"377d1b","runId":"run_ui_layout","message":"level_clicked","timestamp":1776965036373}
{"data":{"src":"./assets/audio/sfx/btn_click.wav"},"hypothesisId":"H3_audio_ready","location":"game.js:initMedia","sessionId":"377d1b","runId":"run_ui_layout","message":"click_ready","timestamp":1776965037687}
{"data":{"mode":"coop","levelId":6},"hypothesisId":"H5_panel_visibility","location":"game.js:renderLevelsForMode","sessionId":"377d1b","runId":"run_ui_layout","message":"level_clicked","timestamp":1776965038524}
{"data":{"src":"./assets/audio/sfx/btn_click.wav"},"hypothesisId":"H3_audio_ready","location":"game.js:initMedia","sessionId":"377d1b","runId":"run_ui_layout","message":"click_ready","timestamp":1776965039505}
{"data":{"mode":"coop","levelId":7},"hypothesisId":"H5_panel_visibility","location":"game.js:renderLevelsForMode","sessionId":"377d1b","runId":"run_ui_layout","message":"level_clicked","timestamp":1776965040578}
{"data":{"src":"./assets/audio/sfx/btn_click.wav"},"hypothesisId":"H3_audio_ready","location":"game.js:initMedia","sessionId":"377d1b","runId":"run_ui_layout","message":"click_ready","timestamp":1776965041762}
{"data":{"mode":"coop","levelId":8},"hypothesisId":"H5_panel_visibility","location":"game.js:renderLevelsForMode","sessionId":"377d1b","runId":"run_ui_layout","message":"level_clicked","timestamp":1776965042904}
{"data":{"src":"./assets/audio/sfx/btn_click.wav"},"hypothesisId":"H3_audio_ready","location":"game.js:initMedia","sessionId":"377d1b","runId":"run_ui_layout","message":"click_ready","timestamp":1776965044152}
{"data":{"panel":"menu","mode":"coop"},"hypothesisId":"H5_panel_visibility","location":"game.js:showPanel","sessionId":"377d1b","runId":"run_ui_layout","message":"panel_switched","timestamp":1776965045000}
{"data":{"src":"./assets/audio/sfx/btn_click.wav"},"hypothesisId":"H3_audio_ready","location":"game.js:initMedia","sessionId":"377d1b","runId":"run_ui_layout","message":"click_ready","timestamp":1776965045000}
{"data":{"src":"./assets/audio/sfx/btn_click.wav"},"hypothesisId":"H3_audio_ready","location":"game.js:initMedia","sessionId":"377d1b","runId":"run_ui_layout","message":"click_ready","timestamp":1776965075815}
{"data":{"panel":"levels","mode":"race"},"hypothesisId":"H5_panel_visibility","location":"game.js:showPanel","sessionId":"377d1b","runId":"run_ui_layout","message":"panel_switched","timestamp":1776965076749}
{"data":{"src":"./assets/audio/sfx/btn_click.wav"},"hypothesisId":"H3_audio_ready","location":"game.js:initMedia","sessionId":"377d1b","runId":"run_ui_layout","message":"click_ready","timestamp":1776965076752}
{"data":{"mode":"race","levelId":4},"hypothesisId":"H5_panel_visibility","location":"game.js:renderLevelsForMode","sessionId":"377d1b","runId":"run_ui_layout","message":"level_clicked","timestamp":1776965077531}
{"data":{"src":"./assets/audio/sfx/btn_click.wav"},"hypothesisId":"H3_audio_ready","location":"game.js:initMedia","sessionId":"377d1b","runId":"run_ui_layout","message":"click_ready","timestamp":1776965078572}
{"data":{"mode":"race","levelId":3},"hypothesisId":"H5_panel_visibility","location":"game.js:renderLevelsForMode","sessionId":"377d1b","runId":"run_ui_layout","message":"level_clicked","timestamp":1776965079118}
{"data":{"src":"./assets/audio/sfx/btn_click.wav"},"hypothesisId":"H3_audio_ready","location":"game.js:initMedia","sessionId":"377d1b","runId":"run_ui_layout","message":"click_ready","timestamp":1776965080351}
{"data":{"mode":"race","levelId":5},"hypothesisId":"H5_panel_visibility","location":"game.js:renderLevelsForMode","sessionId":"377d1b","runId":"run_ui_layout","message":"level_clicked","timestamp":1776965080821}
{"data":{"src":"./assets/audio/sfx/btn_click.wav"},"hypothesisId":"H3_audio_ready","location":"game.js:initMedia","sessionId":"377d1b","runId":"run_ui_layout","message":"click_ready","timestamp":1776965081662}
{"data":{"mode":"race","levelId":2},"hypothesisId":"H5_panel_visibility","location":"game.js:renderLevelsForMode","sessionId":"377d1b","runId":"run_ui_layout","message":"level_clicked","timestamp":1776965082257}
{"data":{"src":"./assets/audio/sfx/btn_click.wav"},"hypothesisId":"H3_audio_ready","location":"game.js:initMedia","sessionId":"377d1b","runId":"run_ui_layout","message":"click_ready","timestamp":1776965082260}
{"data":{"panel":"menu","mode":"race"},"hypothesisId":"H5_panel_visibility","location":"game.js:showPanel","sessionId":"377d1b","runId":"run_ui_layout","message":"panel_switched","timestamp":1776965084549}
{"data":{"src":"./assets/audio/sfx/btn_click.wav"},"hypothesisId":"H3_audio_ready","location":"game.js:initMedia","sessionId":"377d1b","runId":"run_ui_layout","message":"click_ready","timestamp":1776965084566}
{"data":{"src":"./assets/audio/sfx/btn_click.wav"},"hypothesisId":"H3_audio_ready","location":"game.js:initMedia","sessionId":"377d1b","runId":"run_ui_layout","message":"click_ready","timestamp":1776965085772}
{"data":{"panel":"levels","mode":"race"},"hypothesisId":"H5_panel_visibility","location":"game.js:showPanel","sessionId":"377d1b","runId":"run_ui_layout","message":"panel_switched","timestamp":1776965086702}
{"data":{"src":"./assets/audio/sfx/btn_click.wav"},"hypothesisId":"H3_audio_ready","location":"game.js:initMedia","sessionId":"377d1b","runId":"run_ui_layout","message":"click_ready","timestamp":1776965086704}
{"data":{"mode":"race","levelId":1},"hypothesisId":"H5_panel_visibility","location":"game.js:renderLevelsForMode","sessionId":"377d1b","runId":"run_ui_layout","message":"level_clicked","timestamp":1776965087389}
{"data":{"src":"./assets/audio/sfx/btn_click.wav"},"hypothesisId":"H3_audio_ready","location":"game.js:initMedia","sessionId":"377d1b","runId":"run_ui_layout","message":"click_ready","timestamp":1776965087392}
{"data":{"panel":"menu","mode":"race"},"hypothesisId":"H5_panel_visibility","location":"game.js:showPanel","sessionId":"377d1b","runId":"run_ui_layout","message":"panel_switched","timestamp":1776965088525}
{"data":{"src":"./assets/audio/sfx/btn_click.wav"},"hypothesisId":"H3_audio_ready","location":"game.js:initMedia","sessionId":"377d1b","runId":"run_ui_layout","message":"click_ready","timestamp":1776965088541}
{"data":{"src":"./assets/audio/bgm/menu_bgm.mp3"},"hypothesisId":"H3_audio_ready","location":"game.js:initMedia","sessionId":"377d1b","runId":"run_ui_layout","message":"bgm_ready","timestamp":1776965241943}
{"data":{"contextId":"Practical_training"},"hypothesisId":"H3_context_closed","location":"StartupLifecycleLogger:onClosed","sessionId":"377d1b","runId":"run_startup","message":"context_closed_event","timestamp":1776965322962}
{"data":{"argCount":0},"hypothesisId":"Z_main_entry","location":"PracticalTrainingApplication:main","sessionId":"377d1b","runId":"run_main_pre","message":"main_entered","timestamp":1776965324978}
{"data":{"argCount":0},"hypothesisId":"Z_main_entry","location":"PracticalTrainingApplication:main","sessionId":"377d1b","runId":"run_main_pre","message":"main_entered","timestamp":1776965325199}
{"data":{"activeProfiles":"","contextId":"Practical_training","datasourceUrl":"jdbc:mysql://localhost:3306/game?useSSL=false&allowPublicKeyRetrieval=true&serverTimezone=UTC&characterEncoding=utf8"},"hypothesisId":"H1_started_event","location":"StartupLifecycleLogger:onStarted","sessionId":"377d1b","runId":"run_startup","message":"application_started_event","timestamp":1776965327675}
{"data":{"flywayEnabled":"true","serverPort":"8080"},"hypothesisId":"E_other_startup","location":"StartupInstrumentationListener:onApplicationReady","sessionId":"377d1b","runId":"pre-debug","message":"application_ready","timestamp":1776965327679}
{"data":{"contextId":"Practical_training"},"hypothesisId":"H2_ready_event","location":"StartupLifecycleLogger:onReady","sessionId":"377d1b","runId":"run_startup","message":"application_ready_event","timestamp":1776965327679}
{"data":{"exceptionType":"org.springframework.boot.devtools.restart.SilentExitExceptionHandler$SilentExitException","rootCauseChain":"org.springframework.boot.devtools.restart.SilentExitExceptionHandler$SilentExitException:","exceptionMessage":"org.springframework.boot.devtools.restart.SilentExitExceptionHandler$SilentExitException"},"hypothesisId":"E_other_startup_main_caught","location":"PracticalTrainingApplication:main","sessionId":"377d1b","runId":"run_main_caught","message":"main_caught_exception","timestamp":1776965327681}
{"data":{"src":"./assets/audio/sfx/btn_click.wav"},"hypothesisId":"H3_audio_ready","location":"game.js:initMedia","sessionId":"377d1b","runId":"run_ui_layout","message":"click_ready","timestamp":1776965333426}
{"data":{"src":"./assets/audio/sfx/fall_death.wav"},"hypothesisId":"H3_audio_ready","location":"game.js:initMedia","sessionId":"377d1b","runId":"run_ui_layout","message":"fall_death_ready","timestamp":1776965333426}
{"data":{"src":"./assets/audio/sfx/win.wav"},"hypothesisId":"H3_audio_ready","location":"game.js:initMedia","sessionId":"377d1b","runId":"run_ui_layout","message":"win_ready","timestamp":1776965333426}
{"data":{"src":"./assets/audio/sfx/die.wav"},"hypothesisId":"H3_audio_ready","location":"game.js:initMedia","sessionId":"377d1b","runId":"run_ui_layout","message":"die_ready","timestamp":1776965333426}
{"data":{"src":"./assets/audio/bgm/menu_bgm.mp3"},"hypothesisId":"H3_audio_ready","location":"game.js:initMedia","sessionId":"377d1b","runId":"run_ui_layout","message":"bgm_ready","timestamp":1776965333456}
{"data":{"panel":"menu","mode":"single"},"hypothesisId":"H5_panel_visibility","location":"game.js:showPanel","sessionId":"377d1b","runId":"run_ui_layout","message":"panel_switched","timestamp":1776965333456}
{"data":{"viewportH":935,"viewportW":1699,"userAgent":"Mozilla/5.0 (Windows NT 10.0; Win64; x64) AppleWebKit/537.36 (KHTML, like Gecko) Chrome/147.0.0.0 Safari/537.36 Edg/147.0.0.0","dpr":1.5},"hypothesisId":"H1_bg_ratio","location":"game.js:init","sessionId":"377d1b","runId":"run_ui_layout","message":"client_boot","timestamp":1776965333451}
{"data":{"viewportH":935,"viewportW":1699,"userAgent":"Mozilla/5.0 (Windows NT 10.0; Win64; x64) AppleWebKit/537.36 (KHTML, like Gecko) Chrome/147.0.0.0 Safari/537.36 Edg/147.0.0.0","dpr":1.5},"hypothesisId":"H1_bg_ratio","location":"game.js:init","sessionId":"377d1b","runId":"run_ui_layout","message":"client_boot","timestamp":1776965335639}
{"data":{"panel":"menu","mode":"single"},"hypothesisId":"H5_panel_visibility","location":"game.js:showPanel","sessionId":"377d1b","runId":"run_ui_layout","message":"panel_switched","timestamp":1776965335651}
{"data":{"src":"./assets/audio/sfx/btn_click.wav"},"hypothesisId":"H3_audio_ready","location":"game.js:initMedia","sessionId":"377d1b","runId":"run_ui_layout","message":"click_ready","timestamp":1776965335668}
{"data":{"src":"./assets/audio/sfx/fall_death.wav"},"hypothesisId":"H3_audio_ready","location":"game.js:initMedia","sessionId":"377d1b","runId":"run_ui_layout","message":"fall_death_ready","timestamp":1776965335688}
{"data":{"src":"./assets/audio/sfx/die.wav"},"hypothesisId":"H3_audio_ready","location":"game.js:initMedia","sessionId":"377d1b","runId":"run_ui_layout","message":"die_ready","timestamp":1776965335714}
{"data":{"src":"./assets/audio/sfx/win.wav"},"hypothesisId":"H3_audio_ready","location":"game.js:initMedia","sessionId":"377d1b","runId":"run_ui_layout","message":"win_ready","timestamp":1776965335723}
{"data":{"src":"./assets/audio/bgm/menu_bgm.mp3"},"hypothesisId":"H3_audio_ready","location":"game.js:initMedia","sessionId":"377d1b","runId":"run_ui_layout","message":"bgm_ready","timestamp":1776965335735}
{"data":{"panel":"levels","mode":"single"},"hypothesisId":"H5_panel_visibility","location":"game.js:showPanel","sessionId":"377d1b","runId":"run_ui_layout","message":"panel_switched","timestamp":1776965337097}
{"data":{"src":"./assets/audio/sfx/btn_click.wav"},"hypothesisId":"H3_audio_ready","location":"game.js:initMedia","sessionId":"377d1b","runId":"run_ui_layout","message":"click_ready","timestamp":1776965337101}
{"data":{"mode":"single","levelId":3},"hypothesisId":"H5_panel_visibility","location":"game.js:renderLevelsForMode","sessionId":"377d1b","runId":"run_ui_layout","message":"level_clicked","timestamp":1776965337916}
{"data":{"src":"./assets/audio/sfx/btn_click.wav"},"hypothesisId":"H3_audio_ready","location":"game.js:initMedia","sessionId":"377d1b","runId":"run_ui_layout","message":"click_ready","timestamp":1776965340333}
{"data":{"mode":"single","levelId":3},"hypothesisId":"H5_panel_visibility","location":"game.js:renderLevelsForMode","sessionId":"377d1b","runId":"run_ui_layout","message":"level_clicked","timestamp":1776965341306}
{"data":{"src":"./assets/audio/sfx/btn_click.wav"},"hypothesisId":"H3_audio_ready","location":"game.js:initMedia","sessionId":"377d1b","runId":"run_ui_layout","message":"click_ready","timestamp":1776965342143}
{"data":{"mode":"single","levelId":6},"hypothesisId":"H5_panel_visibility","location":"game.js:renderLevelsForMode","sessionId":"377d1b","runId":"run_ui_layout","message":"level_clicked","timestamp":1776965342498}
{"data":{"src":"./assets/audio/sfx/btn_click.wav"},"hypothesisId":"H3_audio_ready","location":"game.js:initMedia","sessionId":"377d1b","runId":"run_ui_layout","message":"click_ready","timestamp":1776965342502}
{"data":{"panel":"menu","mode":"single"},"hypothesisId":"H5_panel_visibility","location":"game.js:showPanel","sessionId":"377d1b","runId":"run_ui_layout","message":"panel_switched","timestamp":1776965344002}
{"data":{"src":"./assets/audio/sfx/btn_click.wav"},"hypothesisId":"H3_audio_ready","location":"game.js:initMedia","sessionId":"377d1b","runId":"run_ui_layout","message":"click_ready","timestamp":1776965344027}
{"data":{"src":"./assets/audio/sfx/btn_click.wav"},"hypothesisId":"H3_audio_ready","location":"game.js:initMedia","sessionId":"377d1b","runId":"run_ui_layout","message":"click_ready","timestamp":1776965344752}
{"data":{"panel":"levels","mode":"single"},"hypothesisId":"H5_panel_visibility","location":"game.js:showPanel","sessionId":"377d1b","runId":"run_ui_layout","message":"panel_switched","timestamp":1776965344752}
{"data":{"mode":"single","levelId":5},"hypothesisId":"H5_panel_visibility","location":"game.js:renderLevelsForMode","sessionId":"377d1b","runId":"run_ui_layout","message":"level_clicked","timestamp":1776965345371}
{"data":{"src":"./assets/audio/sfx/btn_click.wav"},"hypothesisId":"H3_audio_ready","location":"game.js:initMedia","sessionId":"377d1b","runId":"run_ui_layout","message":"click_ready","timestamp":1776965347560}
{"data":{"viewportH":935,"viewportW":1057,"userAgent":"Mozilla/5.0 (Windows NT 10.0; Win64; x64) AppleWebKit/537.36 (KHTML, like Gecko) Chrome/147.0.0.0 Safari/537.36 Edg/147.0.0.0","dpr":1.5},"hypothesisId":"H1_bg_ratio","location":"game.js:init","sessionId":"377d1b","runId":"run_ui_layout","message":"client_boot","timestamp":1776965364181}
{"data":{"panel":"menu","mode":"single"},"hypothesisId":"H5_panel_visibility","location":"game.js:showPanel","sessionId":"377d1b","runId":"run_ui_layout","message":"panel_switched","timestamp":1776965364191}
{"data":{"src":"./assets/audio/sfx/btn_click.wav"},"hypothesisId":"H3_audio_ready","location":"game.js:initMedia","sessionId":"377d1b","runId":"run_ui_layout","message":"click_ready","timestamp":1776965364199}
{"data":{"src":"./assets/audio/sfx/win.wav"},"hypothesisId":"H3_audio_ready","location":"game.js:initMedia","sessionId":"377d1b","runId":"run_ui_layout","message":"win_ready","timestamp":1776965364222}
{"data":{"src":"./assets/audio/sfx/fall_death.wav"},"hypothesisId":"H3_audio_ready","location":"game.js:initMedia","sessionId":"377d1b","runId":"run_ui_layout","message":"fall_death_ready","timestamp":1776965364246}
{"data":{"src":"./assets/audio/sfx/die.wav"},"hypothesisId":"H3_audio_ready","location":"game.js:initMedia","sessionId":"377d1b","runId":"run_ui_layout","message":"die_ready","timestamp":1776965364273}
{"data":{"src":"./assets/audio/bgm/menu_bgm.mp3"},"hypothesisId":"H3_audio_ready","location":"game.js:initMedia","sessionId":"377d1b","runId":"run_ui_layout","message":"bgm_ready","timestamp":1776965364306}
{"data":{"src":"./assets/audio/sfx/btn_click.wav"},"hypothesisId":"H3_audio_ready","location":"game.js:initMedia","sessionId":"377d1b","runId":"run_ui_layout","message":"click_ready","timestamp":1776965366087}
{"data":{"panel":"levels","mode":"race"},"hypothesisId":"H5_panel_visibility","location":"game.js:showPanel","sessionId":"377d1b","runId":"run_ui_layout","message":"panel_switched","timestamp":1776965367384}
{"data":{"src":"./assets/audio/sfx/btn_click.wav"},"hypothesisId":"H3_audio_ready","location":"game.js:initMedia","sessionId":"377d1b","runId":"run_ui_layout","message":"click_ready","timestamp":1776965367388}
{"data":{"mode":"race","levelId":5},"hypothesisId":"H5_panel_visibility","location":"game.js:renderLevelsForMode","sessionId":"377d1b","runId":"run_ui_layout","message":"level_clicked","timestamp":1776965368146}
{"data":{"src":"./assets/audio/sfx/btn_click.wav"},"hypothesisId":"H3_audio_ready","location":"game.js:initMedia","sessionId":"377d1b","runId":"run_ui_layout","message":"click_ready","timestamp":1776965369121}
{"data":{"panel":"menu","mode":"race"},"hypothesisId":"H5_panel_visibility","location":"game.js:showPanel","sessionId":"377d1b","runId":"run_ui_layout","message":"panel_switched","timestamp":1776965369856}
{"data":{"src":"./assets/audio/sfx/btn_click.wav"},"hypothesisId":"H3_audio_ready","location":"game.js:initMedia","sessionId":"377d1b","runId":"run_ui_layout","message":"click_ready","timestamp":1776965369857}
{"data":{"src":"./assets/audio/sfx/btn_click.wav"},"hypothesisId":"H3_audio_ready","location":"game.js:initMedia","sessionId":"377d1b","runId":"run_ui_layout","message":"click_ready","timestamp":1776965410626}
{"data":{"src":"./assets/audio/sfx/btn_click.wav"},"hypothesisId":"H3_audio_ready","location":"game.js:initMedia","sessionId":"377d1b","runId":"run_ui_layout","message":"click_ready","timestamp":1776965413161}
{"data":{"panel":"levels","mode":"coop"},"hypothesisId":"H5_panel_visibility","location":"game.js:showPanel","sessionId":"377d1b","runId":"run_ui_layout","message":"panel_switched","timestamp":1776965414080}
{"data":{"src":"./assets/audio/sfx/btn_click.wav"},"hypothesisId":"H3_audio_ready","location":"game.js:initMedia","sessionId":"377d1b","runId":"run_ui_layout","message":"click_ready","timestamp":1776965414080}
{"data":{"mode":"coop","levelId":6},"hypothesisId":"H5_panel_visibility","location":"game.js:renderLevelsForMode","sessionId":"377d1b","runId":"run_ui_layout","message":"level_clicked","timestamp":1776965414867}
{"data":{"src":"./assets/audio/sfx/btn_click.wav"},"hypothesisId":"H3_audio_ready","location":"game.js:initMedia","sessionId":"377d1b","runId":"run_ui_layout","message":"click_ready","timestamp":1776965423230}
{"data":{"panel":"menu","mode":"coop"},"hypothesisId":"H5_panel_visibility","location":"game.js:showPanel","sessionId":"377d1b","runId":"run_ui_layout","message":"panel_switched","timestamp":1776965423844}
{"data":{"src":"./assets/audio/sfx/btn_click.wav"},"hypothesisId":"H3_audio_ready","location":"game.js:initMedia","sessionId":"377d1b","runId":"run_ui_layout","message":"click_ready","timestamp":1776965423844}
{"data":{"panel":"levels","mode":"single"},"hypothesisId":"H5_panel_visibility","location":"game.js:showPanel","sessionId":"377d1b","runId":"run_ui_layout","message":"panel_switched","timestamp":1776965424485}
{"data":{"src":"./assets/audio/sfx/btn_click.wav"},"hypothesisId":"H3_audio_ready","location":"game.js:initMedia","sessionId":"377d1b","runId":"run_ui_layout","message":"click_ready","timestamp":1776965424485}
{"data":{"mode":"single","levelId":4},"hypothesisId":"H5_panel_visibility","location":"game.js:renderLevelsForMode","sessionId":"377d1b","runId":"run_ui_layout","message":"level_clicked","timestamp":1776965425553}
{"data":{"src":"./assets/audio/sfx/btn_click.wav"},"hypothesisId":"H3_audio_ready","location":"game.js:initMedia","sessionId":"377d1b","runId":"run_ui_layout","message":"click_ready","timestamp":1776965425556}
{"data":{"panel":"menu","mode":"single"},"hypothesisId":"H5_panel_visibility","location":"game.js:showPanel","sessionId":"377d1b","runId":"run_ui_layout","message":"panel_switched","timestamp":1776965426927}
{"data":{"src":"./assets/audio/sfx/btn_click.wav"},"hypothesisId":"H3_audio_ready","location":"game.js:initMedia","sessionId":"377d1b","runId":"run_ui_layout","message":"click_ready","timestamp":1776965426939}
{"data":{"panel":"levels","mode":"single"},"hypothesisId":"H5_panel_visibility","location":"game.js:showPanel","sessionId":"377d1b","runId":"run_ui_layout","message":"panel_switched","timestamp":1776965427620}
{"data":{"src":"./assets/audio/sfx/btn_click.wav"},"hypothesisId":"H3_audio_ready","location":"game.js:initMedia","sessionId":"377d1b","runId":"run_ui_layout","message":"click_ready","timestamp":1776965427623}
{"data":{"mode":"single","levelId":3},"hypothesisId":"H5_panel_visibility","location":"game.js:renderLevelsForMode","sessionId":"377d1b","runId":"run_ui_layout","message":"level_clicked","timestamp":1776965428199}
{"data":{"src":"./assets/audio/sfx/btn_click.wav"},"hypothesisId":"H3_audio_ready","location":"game.js:initMedia","sessionId":"377d1b","runId":"run_ui_layout","message":"click_ready","timestamp":1776965429245}
{"data":{"mode":"single","levelId":5},"hypothesisId":"H5_panel_visibility","location":"game.js:renderLevelsForMode","sessionId":"377d1b","runId":"run_ui_layout","message":"level_clicked","timestamp":1776965429797}
{"data":{"src":"./assets/audio/sfx/btn_click.wav"},"hypothesisId":"H3_audio_ready","location":"game.js:initMedia","sessionId":"377d1b","runId":"run_ui_layout","message":"click_ready","timestamp":1776965430538}
{"data":{"mode":"single","levelId":7},"hypothesisId":"H5_panel_visibility","location":"game.js:renderLevelsForMode","sessionId":"377d1b","runId":"run_ui_layout","message":"level_clicked","timestamp":1776965431402}
{"data":{"src":"./assets/audio/sfx/btn_click.wav"},"hypothesisId":"H3_audio_ready","location":"game.js:initMedia","sessionId":"377d1b","runId":"run_ui_layout","message":"click_ready","timestamp":1776965432130}
{"data":{"mode":"single","levelId":8},"hypothesisId":"H5_panel_visibility","location":"game.js:renderLevelsForMode","sessionId":"377d1b","runId":"run_ui_layout","message":"level_clicked","timestamp":1776965432621}
{"data":{"src":"./assets/audio/sfx/btn_click.wav"},"hypothesisId":"H3_audio_ready","location":"game.js:initMedia","sessionId":"377d1b","runId":"run_ui_layout","message":"click_ready","timestamp":1776965433332}
{"data":{"panel":"menu","mode":"single"},"hypothesisId":"H5_panel_visibility","location":"game.js:showPanel","sessionId":"377d1b","runId":"run_ui_layout","message":"panel_switched","timestamp":1776965433892}
{"data":{"src":"./assets/audio/sfx/btn_click.wav"},"hypothesisId":"H3_audio_ready","location":"game.js:initMedia","sessionId":"377d1b","runId":"run_ui_layout","message":"click_ready","timestamp":1776965433898}
{"data":{"viewportH":935,"viewportW":1699,"userAgent":"Mozilla/5.0 (Windows NT 10.0; Win64; x64) AppleWebKit/537.36 (KHTML, like Gecko) Chrome/147.0.0.0 Safari/537.36 Edg/147.0.0.0","dpr":1.5},"hypothesisId":"H1_bg_ratio","location":"game.js:init","sessionId":"377d1b","runId":"run_ui_layout","message":"client_boot","timestamp":1776965477172}
{"data":{"panel":"menu","mode":"single"},"hypothesisId":"H5_panel_visibility","location":"game.js:showPanel","sessionId":"377d1b","runId":"run_ui_layout","message":"panel_switched","timestamp":1776965477186}
{"data":{"src":"./assets/audio/sfx/btn_click.wav"},"hypothesisId":"H3_audio_ready","location":"game.js:initMedia","sessionId":"377d1b","runId":"run_ui_layout","message":"click_ready","timestamp":1776965477204}
{"data":{"src":"./assets/audio/sfx/die.wav"},"hypothesisId":"H3_audio_ready","location":"game.js:initMedia","sessionId":"377d1b","runId":"run_ui_layout","message":"die_ready","timestamp":1776965477221}
{"data":{"src":"./assets/audio/sfx/fall_death.wav"},"hypothesisId":"H3_audio_ready","location":"game.js:initMedia","sessionId":"377d1b","runId":"run_ui_layout","message":"fall_death_ready","timestamp":1776965477235}
{"data":{"src":"./assets/audio/sfx/win.wav"},"hypothesisId":"H3_audio_ready","location":"game.js:initMedia","sessionId":"377d1b","runId":"run_ui_layout","message":"win_ready","timestamp":1776965477246}
{"data":{"src":"./assets/audio/bgm/menu_bgm.mp3"},"hypothesisId":"H3_audio_ready","location":"game.js:initMedia","sessionId":"377d1b","runId":"run_ui_layout","message":"bgm_ready","timestamp":1776965477263}
{"data":{"panel":"levels","mode":"single"},"hypothesisId":"H5_panel_visibility","location":"game.js:showPanel","sessionId":"377d1b","runId":"run_ui_layout","message":"panel_switched","timestamp":1776965477753}
{"data":{"src":"./assets/audio/sfx/btn_click.wav"},"hypothesisId":"H3_audio_ready","location":"game.js:initMedia","sessionId":"377d1b","runId":"run_ui_layout","message":"click_ready","timestamp":1776965477756}
{"data":{"mode":"single","levelId":1},"hypothesisId":"H5_panel_visibility","location":"game.js:renderLevelsForMode","sessionId":"377d1b","runId":"run_ui_layout","message":"level_clicked","timestamp":1776965478242}
{"data":{"src":"./assets/audio/sfx/btn_click.wav"},"hypothesisId":"H3_audio_ready","location":"game.js:initMedia","sessionId":"377d1b","runId":"run_ui_layout","message":"click_ready","timestamp":1776965478247}
{"data":{"panel":"menu","mode":"single"},"hypothesisId":"H5_panel_visibility","location":"game.js:showPanel","sessionId":"377d1b","runId":"run_ui_layout","message":"panel_switched","timestamp":1776965480356}
{"data":{"src":"./assets/audio/sfx/btn_click.wav"},"hypothesisId":"H3_audio_ready","location":"game.js:initMedia","sessionId":"377d1b","runId":"run_ui_layout","message":"click_ready","timestamp":1776965480372}
{"data":{"contextId":"Practical_training"},"hypothesisId":"H3_context_closed","location":"StartupLifecycleLogger:onClosed","sessionId":"377d1b","runId":"run_startup","message":"context_closed_event","timestamp":1776965508648}
{"data":{"argCount":0},"hypothesisId":"Z_main_entry","location":"PracticalTrainingApplication:main","sessionId":"377d1b","runId":"run_main_pre","message":"main_entered","timestamp":1776965537807}
{"data":{"argCount":0},"hypothesisId":"Z_main_entry","location":"PracticalTrainingApplication:main","sessionId":"377d1b","runId":"run_main_pre","message":"main_entered","timestamp":1776965538234}
{"data":{"activeProfiles":"","contextId":"Practical_training","datasourceUrl":"jdbc:mysql://localhost:3306/game?useSSL=false&allowPublicKeyRetrieval=true&serverTimezone=UTC&characterEncoding=utf8"},"hypothesisId":"H1_started_event","location":"StartupLifecycleLogger:onStarted","sessionId":"377d1b","runId":"run_startup","message":"application_started_event","timestamp":1776965540487}
{"data":{"flywayEnabled":"true","serverPort":"8080"},"hypothesisId":"E_other_startup","location":"StartupInstrumentationListener:onApplicationReady","sessionId":"377d1b","runId":"pre-debug","message":"application_ready","timestamp":1776965540491}
{"data":{"contextId":"Practical_training"},"hypothesisId":"H2_ready_event","location":"StartupLifecycleLogger:onReady","sessionId":"377d1b","runId":"run_startup","message":"application_ready_event","timestamp":1776965540492}
{"data":{"exceptionType":"org.springframework.boot.devtools.restart.SilentExitExceptionHandler$SilentExitException","rootCauseChain":"org.springframework.boot.devtools.restart.SilentExitExceptionHandler$SilentExitException:","exceptionMessage":"org.springframework.boot.devtools.restart.SilentExitExceptionHandler$SilentExitException"},"hypothesisId":"E_other_startup_main_caught","location":"PracticalTrainingApplication:main","sessionId":"377d1b","runId":"run_main_caught","message":"main_caught_exception","timestamp":1776965540494}
{"data":{"src":"./assets/audio/sfx/die.wav"},"hypothesisId":"H3_audio_ready","location":"game.js:initMedia","sessionId":"377d1b","runId":"run_ui_layout","message":"die_ready","timestamp":1776965546794}
{"data":{"src":"./assets/audio/sfx/win.wav"},"hypothesisId":"H3_audio_ready","location":"game.js:initMedia","sessionId":"377d1b","runId":"run_ui_layout","message":"win_ready","timestamp":1776965546794}
{"data":{"src":"./assets/audio/sfx/fall_death.wav"},"hypothesisId":"H3_audio_ready","location":"game.js:initMedia","sessionId":"377d1b","runId":"run_ui_layout","message":"fall_death_ready","timestamp":1776965546794}
{"data":{"src":"./assets/audio/sfx/btn_click.wav"},"hypothesisId":"H3_audio_ready","location":"game.js:initMedia","sessionId":"377d1b","runId":"run_ui_layout","message":"click_ready","timestamp":1776965546794}
{"data":{"panel":"menu","mode":"single"},"hypothesisId":"H5_panel_visibility","location":"game.js:showPanel","sessionId":"377d1b","runId":"run_ui_layout","message":"panel_switched","timestamp":1776965546800}
{"data":{"src":"./assets/audio/bgm/menu_bgm.mp3"},"hypothesisId":"H3_audio_ready","location":"game.js:initMedia","sessionId":"377d1b","runId":"run_ui_layout","message":"bgm_ready","timestamp":1776965546800}
{"data":{"viewportH":935,"viewportW":1699,"userAgent":"Mozilla/5.0 (Windows NT 10.0; Win64; x64) AppleWebKit/537.36 (KHTML, like Gecko) Chrome/147.0.0.0 Safari/537.36 Edg/147.0.0.0","dpr":1.5},"hypothesisId":"H1_bg_ratio","location":"game.js:init","sessionId":"377d1b","runId":"run_ui_layout","message":"client_boot","timestamp":1776965546794}
{"data":{"panel":"levels","mode":"single"},"hypothesisId":"H5_panel_visibility","location":"game.js:showPanel","sessionId":"377d1b","runId":"run_ui_layout","message":"panel_switched","timestamp":1776965547647}
{"data":{"src":"./assets/audio/sfx/btn_click.wav"},"hypothesisId":"H3_audio_ready","location":"game.js:initMedia","sessionId":"377d1b","runId":"run_ui_layout","message":"click_ready","timestamp":1776965547653}
{"data":{"mode":"single","levelId":3},"hypothesisId":"H5_panel_visibility","location":"game.js:renderLevelsForMode","sessionId":"377d1b","runId":"run_ui_layout","message":"level_clicked","timestamp":1776965549060}
{"data":{"src":"./assets/audio/sfx/btn_click.wav"},"hypothesisId":"H3_audio_ready","location":"game.js:initMedia","sessionId":"377d1b","runId":"run_ui_layout","message":"click_ready","timestamp":1776965549065}
{"data":{"src":"./assets/audio/sfx/fall_death.wav"},"hypothesisId":"H3_audio_ready","location":"game.js:initMedia","sessionId":"377d1b","runId":"run_ui_layout","message":"fall_death_ready","timestamp":1776965549499}
{"data":{"panel":"menu","mode":"single"},"hypothesisId":"H5_panel_visibility","location":"game.js:showPanel","sessionId":"377d1b","runId":"run_ui_layout","message":"panel_switched","timestamp":1776965550881}
{"data":{"src":"./assets/audio/sfx/btn_click.wav"},"hypothesisId":"H3_audio_ready","location":"game.js:initMedia","sessionId":"377d1b","runId":"run_ui_layout","message":"click_ready","timestamp":1776965550892}
{"data":{"panel":"levels","mode":"single"},"hypothesisId":"H5_panel_visibility","location":"game.js:showPanel","sessionId":"377d1b","runId":"run_ui_layout","message":"panel_switched","timestamp":1776965551980}
{"data":{"src":"./assets/audio/sfx/btn_click.wav"},"hypothesisId":"H3_audio_ready","location":"game.js:initMedia","sessionId":"377d1b","runId":"run_ui_layout","message":"click_ready","timestamp":1776965551981}
{"data":{"mode":"single","levelId":5},"hypothesisId":"H5_panel_visibility","location":"game.js:renderLevelsForMode","sessionId":"377d1b","runId":"run_ui_layout","message":"level_clicked","timestamp":1776965553541}
{"data":{"src":"./assets/audio/sfx/btn_click.wav"},"hypothesisId":"H3_audio_ready","location":"game.js:initMedia","sessionId":"377d1b","runId":"run_ui_layout","message":"click_ready","timestamp":1776965553549}
{"data":{"panel":"menu","mode":"single"},"hypothesisId":"H5_panel_visibility","location":"game.js:showPanel","sessionId":"377d1b","runId":"run_ui_layout","message":"panel_switched","timestamp":1776965555765}
{"data":{"src":"./assets/audio/sfx/btn_click.wav"},"hypothesisId":"H3_audio_ready","location":"game.js:initMedia","sessionId":"377d1b","runId":"run_ui_layout","message":"click_ready","timestamp":1776965555784}
{"data":{"panel":"levels","mode":"single"},"hypothesisId":"H5_panel_visibility","location":"game.js:showPanel","sessionId":"377d1b","runId":"run_ui_layout","message":"panel_switched","timestamp":1776965556559}
{"data":{"src":"./assets/audio/sfx/btn_click.wav"},"hypothesisId":"H3_audio_ready","location":"game.js:initMedia","sessionId":"377d1b","runId":"run_ui_layout","message":"click_ready","timestamp":1776965556560}
{"data":{"mode":"single","levelId":7},"hypothesisId":"H5_panel_visibility","location":"game.js:renderLevelsForMode","sessionId":"377d1b","runId":"run_ui_layout","message":"level_clicked","timestamp":1776965557283}
{"data":{"src":"./assets/audio/sfx/btn_click.wav"},"hypothesisId":"H3_audio_ready","location":"game.js:initMedia","sessionId":"377d1b","runId":"run_ui_layout","message":"click_ready","timestamp":1776965557285}
{"data":{"panel":"menu","mode":"single"},"hypothesisId":"H5_panel_visibility","location":"game.js:showPanel","sessionId":"377d1b","runId":"run_ui_layout","message":"panel_switched","timestamp":1776965570337}
{"data":{"src":"./assets/audio/sfx/btn_click.wav"},"hypothesisId":"H3_audio_ready","location":"game.js:initMedia","sessionId":"377d1b","runId":"run_ui_layout","message":"click_ready","timestamp":1776965570340}
{"data":{"src":"./assets/audio/sfx/btn_click.wav"},"hypothesisId":"H3_audio_ready","location":"game.js:initMedia","sessionId":"377d1b","runId":"run_ui_layout","message":"click_ready","timestamp":1776965571282}
{"data":{"panel":"levels","mode":"coop"},"hypothesisId":"H5_panel_visibility","location":"game.js:showPanel","sessionId":"377d1b","runId":"run_ui_layout","message":"panel_switched","timestamp":1776965572501}
{"data":{"src":"./assets/audio/sfx/btn_click.wav"},"hypothesisId":"H3_audio_ready","location":"game.js:initMedia","sessionId":"377d1b","runId":"run_ui_layout","message":"click_ready","timestamp":1776965572505}
{"data":{"mode":"coop","levelId":5},"hypothesisId":"H5_panel_visibility","location":"game.js:renderLevelsForMode","sessionId":"377d1b","runId":"run_ui_layout","message":"level_clicked","timestamp":1776965573172}
{"data":{"src":"./assets/audio/sfx/btn_click.wav"},"hypothesisId":"H3_audio_ready","location":"game.js:initMedia","sessionId":"377d1b","runId":"run_ui_layout","message":"click_ready","timestamp":1776965573175}
{"data":{"src":"./assets/audio/sfx/fall_death.wav"},"hypothesisId":"H3_audio_ready","location":"game.js:initMedia","sessionId":"377d1b","runId":"run_ui_layout","message":"fall_death_ready","timestamp":1776965573579}
{"data":{"panel":"menu","mode":"coop"},"hypothesisId":"H5_panel_visibility","location":"game.js:showPanel","sessionId":"377d1b","runId":"run_ui_layout","message":"panel_switched","timestamp":1776965577475}
{"data":{"src":"./assets/audio/sfx/btn_click.wav"},"hypothesisId":"H3_audio_ready","location":"game.js:initMedia","sessionId":"377d1b","runId":"run_ui_layout","message":"click_ready","timestamp":1776965577487}
{"data":{"src":"./assets/audio/sfx/btn_click.wav"},"hypothesisId":"H3_audio_ready","location":"game.js:initMedia","sessionId":"377d1b","runId":"run_ui_layout","message":"click_ready","timestamp":1776965578296}
{"data":{"panel":"levels","mode":"coop"},"hypothesisId":"H5_panel_visibility","location":"game.js:showPanel","sessionId":"377d1b","runId":"run_ui_layout","message":"panel_switched","timestamp":1776965579191}
{"data":{"src":"./assets/audio/sfx/btn_click.wav"},"hypothesisId":"H3_audio_ready","location":"game.js:initMedia","sessionId":"377d1b","runId":"run_ui_layout","message":"click_ready","timestamp":1776965579192}
{"data":{"mode":"coop","levelId":6},"hypothesisId":"H5_panel_visibility","location":"game.js:renderLevelsForMode","sessionId":"377d1b","runId":"run_ui_layout","message":"level_clicked","timestamp":1776965581057}
{"data":{"src":"./assets/audio/sfx/btn_click.wav"},"hypothesisId":"H3_audio_ready","location":"game.js:initMedia","sessionId":"377d1b","runId":"run_ui_layout","message":"click_ready","timestamp":1776965581059}
{"data":{"panel":"menu","mode":"coop"},"hypothesisId":"H5_panel_visibility","location":"game.js:showPanel","sessionId":"377d1b","runId":"run_ui_layout","message":"panel_switched","timestamp":1776965582707}
{"data":{"src":"./assets/audio/sfx/btn_click.wav"},"hypothesisId":"H3_audio_ready","location":"game.js:initMedia","sessionId":"377d1b","runId":"run_ui_layout","message":"click_ready","timestamp":1776965582715}
{"data":{"src":"./assets/audio/sfx/btn_click.wav"},"hypothesisId":"H3_audio_ready","location":"game.js:initMedia","sessionId":"377d1b","runId":"run_ui_layout","message":"click_ready","timestamp":1776965583417}
{"data":{"src":"./assets/audio/sfx/btn_click.wav"},"hypothesisId":"H3_audio_ready","location":"game.js:initMedia","sessionId":"377d1b","runId":"run_ui_layout","message":"click_ready","timestamp":1776965584381}
{"data":{"panel":"levels","mode":"coop"},"hypothesisId":"H5_panel_visibility","location":"game.js:showPanel","sessionId":"377d1b","runId":"run_ui_layout","message":"panel_switched","timestamp":1776965584381}
{"data":{"mode":"coop","levelId":4},"hypothesisId":"H5_panel_visibility","location":"game.js:renderLevelsForMode","sessionId":"377d1b","runId":"run_ui_layout","message":"level_clicked","timestamp":1776965585110}
{"data":{"src":"./assets/audio/sfx/btn_click.wav"},"hypothesisId":"H3_audio_ready","location":"game.js:initMedia","sessionId":"377d1b","runId":"run_ui_layout","message":"click_ready","timestamp":1776965585115}
{"data":{"src":"./assets/audio/sfx/fall_death.wav"},"hypothesisId":"H3_audio_ready","location":"game.js:initMedia","sessionId":"377d1b","runId":"run_ui_layout","message":"fall_death_ready","timestamp":1776965585383}
{"data":{"contextId":"Practical_training"},"hypothesisId":"H3_context_closed","location":"StartupLifecycleLogger:onClosed","sessionId":"377d1b","runId":"run_startup","message":"context_closed_event","timestamp":1776965648627}
